particuliere_huishoudens,Mbo_p,Wo_p,Hbo_p
0,2.5112401734397807,-2.6079119488102944,0.12537548744629223
1,2.476443082547651,-2.5427204244034893,0.13139870722226726
2,2.441645991655521,-2.4775288999966847,0.1374219269982423
3,2.4068489007633915,-2.4123373755898796,0.14344514677421732
4,2.372051809871262,-2.3471458511830745,0.14946836655019238
5,2.337254718979132,-2.2819543267762694,0.1554915863261674
6,2.3024576280870024,-2.2167628023694643,0.16151480610214244
7,2.267660537194873,-2.1515712779626597,0.16753802587811747
8,2.232863446302743,-2.0863797535558546,0.17356124565409253
9,2.1980663554106132,-2.0211882291490495,0.17958446543006756
10,2.1632692645184832,-1.9559967047422446,0.1856076852060426
11,2.1284721736263537,-1.8908051803354398,0.19163090498201762
12,2.093675082734224,-1.8256136559286347,0.19765412475799266
13,2.0588779918420945,-1.7604221315218296,0.20367734453396769
14,2.0240809009499645,-1.6952306071150247,0.20970056430994272
15,1.989283810057835,-1.6300390827082198,0.21572378408591777
16,1.9544867191657052,-1.5648475583014148,0.2217470038618928
17,1.9196896282735754,-1.4996560338946097,0.22777022363786784
18,1.8848925373814458,-1.4344645094878048,0.2337934434138429
19,1.850095446489316,-1.369272985081,0.23981666318981792
20,1.8152983555971862,-1.3040814606741948,0.24583988296579296
21,1.7805012647050567,-1.2388899362673897,0.251863102741768
22,1.7457041738129269,-1.1736984118605849,0.257886322517743
23,1.710907082920797,-1.10850688745378,0.26390954229371805
24,1.6761099920286675,-1.043315363046975,0.2699327620696931
25,1.6413129011365377,-0.9781238386401698,0.27595598184566816
26,1.606515810244408,-0.912932314233365,0.28197920162164314
27,1.5717187193522784,-0.8477407898265601,0.2880024213976182
28,1.5369216284601486,-0.782549265419755,0.2940256411735932
29,1.5021245375680188,-0.7173577410129499,0.3000488609495683
30,1.467327446675889,-0.652166216606145,0.3060720807255433
31,1.4325303557837594,-0.5869746921993402,0.31209530050151835
32,1.3977332648916296,-0.5217831677925351,0.3181185202774934
33,1.3629361739994998,-0.45659164338573,0.3241417400534684
34,1.3281390831073703,-0.3914001189789249,0.33016495982944344
35,1.2933419922152405,-0.32620859457212026,0.33618817960541847
36,1.2585449013231107,-0.26101707016531517,0.34221139938139356
37,1.2237478104309811,-0.19582554575851008,0.34823461915736853
38,1.1889507195388513,-0.13063402135170543,0.3542578389333436
39,1.1541536286467216,-0.06544249694490034,0.3602810587093186
40,1.1193565377545918,-0.000250972538095251,0.3663042784852937
41,1.0845594468624622,0.06494055186870984,0.3723274982612687
42,1.0497623559703324,0.13013207627551493,0.37835071803724374
43,1.0149652650782026,0.19532360068231958,0.38437393781321877
44,0.980168174186073,0.26051512508912467,0.3903971575891938
45,0.9453710832939433,0.32570664949592976,0.39642037736516883
46,0.9105739924018135,0.3908981739027344,0.40244359714114386
47,0.8757769015096839,0.4560896983095395,0.4084668169171189
48,0.8409798106175541,0.5212812227163446,0.4144900366930939
49,0.8061827197254243,0.5864727471231497,0.420513256469069
50,0.7713856288332948,0.6516642715299548,0.42653647624504404
51,0.736588537941165,0.7168557959367594,0.43255969602101907
52,0.7017914470490352,0.7820473203435645,0.4385829157969941
53,0.6669943561569056,0.8472388447503696,0.44460613557296913
54,0.6321972652647758,0.9124303691571742,0.45062935534894416
55,0.597400174372646,0.9776218935639793,0.4566525751249192
56,0.5626030834805165,1.0428134179707844,0.4626757949008942
57,0.5278059925883867,1.1080049423775895,0.46869901467686925
58,0.4930089016962569,1.1731964667843946,0.4747222344528443
59,0.4582118108041273,1.2383879911911992,0.48074545422881937
60,0.4234147199119973,1.3035795155980043,0.4867686740047944
61,0.38861762901986774,1.3687710400048094,0.49279189378076943
62,0.35382053812773817,1.433962564411614,0.49881511355674446
63,0.31902344723560816,1.4991540888184196,0.5048383333327195
64,0.2842263563434786,1.5643456132252243,0.5108615531086945
65,0.24942926545134902,1.629537137632029,0.5168847728846695
66,0.214632174559219,1.6947286620388344,0.5229079926606446
67,0.17983508366708945,1.759920186445639,0.5289312124366197
68,0.14503799277495988,1.8251117108524446,0.5349544322125946
69,0.11024090188282987,1.8903032352592493,0.5409776519885696
70,0.0754438109907003,1.955494759666054,0.5470008717645447
71,0.04064672009857073,2.0206862840728594,0.5530240915405198
72,0.005849629206440721,2.085877808479664,0.5590473113164949
73,-0.028947461685688847,2.1510693328864687,0.5650705310924699
74,-0.06374455257781841,2.2162608572932743,0.5710937508684448
75,-0.09854164346994843,2.281452381700079,0.5771169706444199
76,-0.133338734362078,2.3466439061068836,0.583140190420395
77,-0.16813582525420756,2.411835430513689,0.58916341019637
78,-0.20293291614633757,2.4770269549204937,0.595186629972345
79,-0.23773000703846714,2.5422184793272993,0.60120984974832
80,-0.27252709793059715,2.607410003734104,0.6072330695242951
81,-0.3073241888227267,2.6726015281409086,0.6132562893002702
82,-0.3421212797148563,2.737793052547714,0.6192795090762452
83,-0.3769183706069863,2.8029845769545187,0.6253027288522202
84,-0.41171546149911586,2.8681761013613243,0.6313259486281952
85,-0.44651255239124543,2.933367625768129,0.6373491684041702
86,-0.48130964328337544,2.9985591501749336,0.6433723881801453
87,-0.516106734175505,3.063750674581739,0.6493956079561204
88,-0.5509038250676346,3.1289421989885438,0.6554188277320954
89,-0.5857009159597646,3.1941337233953484,0.6614420475080705
90,-0.6204980068518942,3.259325247802154,0.6674652672840454
91,-0.6552950977440237,3.3245167722089586,0.6734884870600205
92,-0.6900921886361537,3.3897082966157632,0.6795117068359955
93,-0.7248892795282833,3.4548998210225688,0.6855349266119706
94,-0.7596863704204129,3.5200913454293734,0.6915581463879455
95,-0.7944834613125429,3.585282869836179,0.6975813661639206
96,-0.8292805522046724,3.6504743942429836,0.7036045859398956
97,-0.864077643096802,3.7156659186497882,0.7096278057158707
98,-0.898874733988932,3.7808574430565938,0.7156510254918458
99,-0.9336718248810616,3.8460489674633984,0.7216742452678208
100,-0.9684689157731912,3.911240491870204,0.7276974650437958
101,-1.0032660066653212,3.9764320162770086,0.7337206848197708
102,-1.0380630975574507,4.041623540683814,0.7397439045957459
103,-1.0728601884495803,4.106815065090618,0.7457671243717209
104,-1.1076572793417103,4.172006589497423,0.751790344147696
105,-1.1424543702338399,4.237198113904228,0.7578135639236709
106,-1.1772514611259695,4.302389638311034,0.763836783699646
107,-1.2120485520180995,4.367581162717839,0.7698600034756211
108,-1.246845642910229,4.432772687124643,0.7758832232515961
109,-1.2816427338023586,4.497964211531448,0.7819064430275712
110,-1.3164398246944886,4.563155735938253,0.7879296628035461
111,-1.3512369155866182,4.628347260345059,0.7939528825795212
112,-1.3860340064787477,4.693538784751864,0.7999761023554962
113,-1.4208310973708778,4.758730309158668,0.8059993221314713
114,-1.4556281882630073,4.823921833565473,0.8120225419074463
115,-1.4904252791551373,4.889113357972278,0.8180457616834214
116,-1.525222370047267,4.954304882379084,0.8240689814593963
117,-1.5600194609393965,5.019496406785889,0.8300922012353714
118,-1.594816551831526,5.084687931192693,0.8361154210113465
119,-1.6296136427236556,5.149879455599498,0.8421386407873215
120,-1.664410733615786,5.215070980006303,0.8481618605632966
121,-1.6992078245079156,5.280262504413107,0.8541850803392715
122,-1.7340049154000452,5.345454028819914,0.8602083001152466
123,-1.7688020062921748,5.410645553226718,0.8662315198912216
124,-1.8035990971843043,5.475837077633523,0.8722547396671967
125,-1.838396188076434,5.541028602040328,0.8782779594431717
126,-1.8731932789685644,5.606220126447134,0.8843011792191467
127,-1.907990369860694,5.671411650853939,0.8903243989951217
128,-1.9427874607528235,5.736603175260743,0.8963476187710968
129,-1.977584551644953,5.801794699667548,0.9023708385470719
130,-2.0123816425370826,5.866986224074353,0.9083940583230469
131,-2.047178733429213,5.932177748481159,0.914417278099022
132,-2.0819758243213426,5.997369272887964,0.9204404978749969
133,-2.116772915213472,6.062560797294768,0.926463717650972
134,-2.151570006105602,6.127752321701573,0.932486937426947
135,-2.1863670969977314,6.192943846108378,0.9385101572029221
136,-2.221164187889861,6.258135370515184,0.944533376978897
137,-2.2559612787819914,6.323326894921989,0.9505565967548721
138,-2.290758369674121,6.388518419328793,0.9565798165308471
139,-2.3255554605662505,6.453709943735598,0.9626030363068222
140,-2.36035255145838,6.518901468142403,0.9686262560827973
141,-2.3951496423505096,6.584092992549207,0.9746494758587723
142,-2.429946733242639,6.649284516956014,0.9806726956347473
143,-2.4647438241347697,6.714476041362818,0.9866959154107223
144,-2.4995409150268992,6.779667565769623,0.9927191351866974
145,-2.534338005919029,6.844859090176428,0.9987423549626724
146,-2.5691350968111584,6.910050614583232,1.0047655747386475
147,-2.603932187703288,6.975242138990039,1.0107887945146223
148,-2.6387292785954175,7.040433663396843,1.0168120142905974
149,-2.673526369487548,7.105625187803648,1.0228352340665725
150,-2.7083234603796775,7.170816712210453,1.0288584538425476
151,-2.743120551271807,7.236008236617257,1.0348816736185227
152,-2.7779176421639367,7.301199761024062,1.0409048933944978
153,-2.8127147330560662,7.366391285430868,1.0469281131704729
154,-2.847511823948196,7.431582809837673,1.0529513329464477
155,-2.8823089148403263,7.496774334244478,1.0589745527224228
156,-2.917106005732456,7.561965858651282,1.0649977724983977
157,-2.9519030966245854,7.627157383058087,1.0710209922743728
158,-2.986700187516715,7.692348907464893,1.0770442120503478
159,-3.0214972784088445,7.757540431871698,1.083067431826323
160,-3.056294369300975,7.822731956278503,1.089090651602298
161,-3.0910914601931045,7.887923480685307,1.095113871378273
162,-3.125888551085234,7.953115005092112,1.1011370911542482
163,-3.1606856419773637,8.018306529498918,1.107160310930223
164,-3.1954827328694932,8.083498053905723,1.1131835307061981
165,-3.230279823761623,8.148689578312528,1.119206750482173
166,-3.2650769146537533,8.213881102719332,1.125229970258148
167,-3.299874005545883,8.279072627126137,1.1312531900341232
168,-3.3346710964380124,8.344264151532943,1.1372764098100983
169,-3.369468187330142,8.409455675939748,1.1432996295860733
170,-3.4042652782222715,8.474647200346553,1.1493228493620482
171,-3.439062369114401,8.539838724753357,1.1553460691380233
172,-3.4738594600065316,8.605030249160162,1.1613692889139984
173,-3.508656550898661,8.670221773566967,1.1673925086899735
174,-3.5434536417907907,8.735413297973773,1.1734157284659485
175,-3.5782507326829203,8.800604822380578,1.1794389482419234
176,-3.61304782357505,8.865796346787382,1.1854621680178985
177,-3.6478449144671794,8.930987871194187,1.1914853877938736
178,-3.68264200535931,8.996179395600992,1.1975086075698487
179,-3.7174390962514394,9.061370920007798,1.2035318273458235
180,-3.752236187143569,9.126562444414603,1.2095550471217986
181,-3.7870332780356986,9.191753968821407,1.2155782668977737
182,-3.821830368927828,9.256945493228212,1.2216014866737488
183,-3.8566274598199577,9.322137017635017,1.2276247064497239
184,-3.891424550712088,9.387328542041821,1.2336479262256987
185,-3.9262216416042177,9.452520066448628,1.2396711460016738
186,-3.9610187324963473,9.517711590855432,1.245694365777649
187,-3.995815823388477,9.582903115262237,1.251717585553624
188,-4.030612914280606,9.648094639669042,1.2577408053295989
189,-4.065410005172736,9.713286164075846,1.263764025105574
190,-4.100207096064866,9.778477688482653,1.269787244881549
191,-4.135004186956996,9.843669212889457,1.2758104646575241
192,-4.169801277849126,9.908860737296262,1.281833684433499
193,-4.204598368741255,9.974052261703067,1.287856904209474
194,-4.239395459633385,10.039243786109871,1.2938801239854492
195,-4.274192550525515,10.104435310516678,1.2999033437614242
196,-4.308989641417645,10.169626834923482,1.3059265635373993
197,-4.343786732309774,10.234818359330287,1.3119497833133742
198,-4.378583823201904,10.300009883737092,1.3179730030893493
199,-4.413380914094033,10.365201408143896,1.3239962228653244
200,-4.448178004986163,10.430392932550703,1.3300194426412995
201,-4.4829750958782935,10.495584456957507,1.3360426624172743
202,-4.517772186770423,10.560775981364312,1.3420658821932494
203,-4.552569277662553,10.625967505771117,1.3480891019692245
204,-4.587366368554682,10.691159030177921,1.3541123217451996
205,-4.622163459446812,10.756350554584726,1.3601355415211747
206,-4.656960550338941,10.821542078991532,1.3661587612971495
207,-4.691757641231072,10.886733603398337,1.3721819810731246
208,-4.726554732123201,10.951925127805142,1.3782052008490997
209,-4.761351823015331,11.017116652211946,1.3842284206250748
210,-4.7961489139074605,11.082308176618751,1.3902516404010496
211,-4.83094600479959,11.147499701025557,1.3962748601770247
212,-4.86574309569172,11.212691225432362,1.4022980799529998
213,-4.90054018658385,11.277882749839167,1.408321299728975
214,-4.93533727747598,11.343074274245971,1.41434451950495
215,-4.970134368368109,11.408265798652776,1.4203677392809249
216,-5.004931459260239,11.47345732305958,1.4263909590569
217,-5.039728550152368,11.538648847466387,1.432414178832875
218,-5.074525641044498,11.603840371873192,1.4384373986088501
219,-5.109322731936628,11.669031896279996,1.444460618384825
220,-5.144119822828758,11.734223420686801,1.4504838381608
221,-5.1789169137208875,11.799414945093606,1.4565070579367752
222,-5.213714004613017,11.864606469500412,1.4625302777127502
223,-5.248511095505147,11.929797993907217,1.468553497488725
224,-5.283308186397276,11.994989518314021,1.4745767172647002
225,-5.318105277289407,12.060181042720826,1.4805999370406753
226,-5.352902368181536,12.12537256712763,1.4866231568166504
227,-5.387699459073666,12.190564091534437,1.4926463765926254
228,-5.422496549965795,12.255755615941242,1.4986695963686003
229,-5.457293640857925,12.320947140348046,1.5046928161445754
230,-5.492090731750055,12.386138664754851,1.5107160359205505
231,-5.526887822642184,12.451330189161656,1.5167392556965256
232,-5.5616849135343145,12.516521713568462,1.5227624754725004
233,-5.596482004426445,12.581713237975267,1.5287856952484755
234,-5.631279095318574,12.646904762382071,1.5348089150244506
235,-5.666076186210704,12.712096286788876,1.5408321348004257
236,-5.700873277102833,12.77728781119568,1.5468553545764008
237,-5.735670367994963,12.842479335602485,1.5528785743523756
238,-5.770467458887092,12.907670860009292,1.5589017941283507
239,-5.805264549779222,12.972862384416096,1.5649250139043258
240,-5.840061640671353,13.038053908822901,1.570948233680301
241,-5.8748587315634815,13.103245433229706,1.5769714534562758
242,-5.909655822455612,13.16843695763651,1.5829946732322508
243,-5.944452913347741,13.233628482043317,1.589017893008226
244,-5.979250004239871,13.298820006450121,1.595041112784201
245,-6.0140470951320015,13.364011530856926,1.6010643325601759
246,-6.04884418602413,13.42920305526373,1.607087552336151
247,-6.083641276916261,13.494394579670537,1.613110772112126
248,-6.118438367808389,13.55958610407734,1.6191339918881011
249,-6.15323545870052,13.624777628484146,1.6251572116640762
250,-6.1880325495926485,13.68996915289095,1.631180431440051
251,-6.222829640484779,13.755160677297756,1.6372036512160262
252,-6.257626731376909,13.820352201704562,1.6432268709920013
253,-6.292423822269038,13.885543726111365,1.6492500907679764
254,-6.3272209131611685,13.950735250518171,1.6552733105439512
255,-6.362018004053297,14.015926774924974,1.6612965303199263
256,-6.396815094945428,14.08111829933178,1.6673197500959014
257,-6.431612185837558,14.146309823738587,1.6733429698718765
258,-6.466409276729687,14.21150134814539,1.6793661896478516
259,-6.501206367621817,14.276692872552196,1.6853894094238264
260,-6.536003458513946,14.341884396959,1.6914126291998015
261,-6.570800549406076,14.407075921365806,1.6974358489757766
262,-6.605597640298207,14.472267445772612,1.7034590687517517
263,-6.6403947311903355,14.537458970179415,1.7094822885277265
264,-6.675191822082466,14.602650494586221,1.7155055083037016
265,-6.709988912974595,14.667842018993024,1.7215287280796767
266,-6.744786003866725,14.73303354339983,1.7275519478556518
267,-6.779583094758854,14.798225067806637,1.733575167631627
268,-6.814380185650984,14.86341659221344,1.7395983874076018
269,-6.849177276543115,14.928608116620246,1.7456216071835768
270,-6.883974367435243,14.99379964102705,1.751644826959552
271,-6.918771458327374,15.058991165433856,1.757668046735527
272,-6.9535685492195025,15.124182689840662,1.7636912665115019
273,-6.988365640111633,15.189374214247465,1.769714486287477
274,-7.023162731003763,15.254565738654271,1.775737706063452
275,-7.057959821895892,15.319757263061074,1.7817609258394271
276,-7.092756912788023,15.38494878746788,1.787784145615402
277,-7.127554003680151,15.450140311874684,1.793807365391377
278,-7.162351094572282,15.51533183628149,1.7998305851673522
279,-7.19714818546441,15.580523360688296,1.8058538049433273
280,-7.231945276356541,15.6457148850951,1.8118770247193023
281,-7.266742367248671,15.710906409501906,1.8179002444952772
282,-7.3015394581408,15.776097933908709,1.8239234642712523
283,-7.33633654903293,15.841289458315515,1.8299466840472274
284,-7.371133639925059,15.906480982722321,1.8359699038232025
285,-7.4059307308171896,15.971672507129124,1.8419931235991773
286,-7.44072782170932,16.03686403153593,1.8480163433751524
287,-7.475524912601449,16.102055555942734,1.8540395631511275
288,-7.510322003493579,16.16724708034954,1.8600627829271026
289,-7.545119094385708,16.232438604756346,1.8660860027030777
290,-7.579916185277838,16.29763012916315,1.8721092224790525
291,-7.614713276169969,16.362821653569956,1.8781324422550276
292,-7.649510367062097,16.42801317797676,1.8841556620310027
293,-7.684307457954228,16.493204702383565,1.8901788818069778
294,-7.7191045488463566,16.55839622679037,1.8962021015829527
295,-7.753901639738487,16.623587751197174,1.9022253213589277
296,-7.788698730630616,16.68877927560398,1.9082485411349028
297,-7.823495821522746,16.753970800010784,1.914271760910878
298,-7.858292912414877,16.81916232441759,1.9202949806868528
299,-7.893090003307005,16.884353848824396,1.9263182004628279
300,-7.927887094199136,16.9495453732312,1.932341420238803
301,-7.962684185091264,17.014736897638006,1.938364640014778
302,-7.997481275983395,17.07992842204481,1.9443878597907531
303,-8.032278366875525,17.145119946451615,1.950411079566728
304,-8.067075457767654,17.210311470858418,1.956434299342703
305,-8.101872548659784,17.275502995265224,1.9624575191186782
306,-8.136669639551913,17.34069451967203,1.9684807388946532
307,-8.171466730444044,17.405886044078834,1.9745039586706281
308,-8.206263821336172,17.47107756848564,1.9805271784466032
309,-8.241060912228303,17.536269092892443,1.9865503982225783
310,-8.275858003120433,17.60146061729925,1.9925736179985534
311,-8.310655094012562,17.666652141706056,1.9985968377745285
312,-8.345452184904692,17.73184366611286,2.004620057550503
313,-8.380249275796821,17.797035190519665,2.010643277326478
314,-8.415046366688951,17.862226714926468,2.0166664971024533
315,-8.449843457581082,17.927418239333274,2.0226897168784284
316,-8.48464054847321,17.99260976374008,2.0287129366544034
317,-8.519437639365341,18.057801288146884,2.0347361564303785
318,-8.55423473025747,18.12299281255369,2.0407593762063536
319,-8.5890318211496,18.188184336960493,2.0467825959823287
320,-8.62382891204173,18.2533758613673,2.052805815758304
321,-8.65862600293386,18.318567385774106,2.058829035534279
322,-8.69342309382599,18.38375891018091,2.064852255310254
323,-8.728220184718118,18.448950434587715,2.070875475086229
324,-8.763017275610249,18.514141958994518,2.076898694862204
325,-8.797814366502378,18.579333483401324,2.0829219146381788
326,-8.832611457394508,18.64452500780813,2.088945134414154
327,-8.867408548286638,18.709716532214934,2.094968354190129
328,-8.902205639178767,18.77490805662174,2.100991573966104
329,-8.937002730070898,18.840099581028543,2.1070147937420787
330,-8.971799820963026,18.90529110543535,2.1130380135180538
331,-9.006596911855157,18.970482629842156,2.119061233294029
332,-9.041394002747287,19.03567415424896,2.125084453070004
333,-9.076191093639416,19.100865678655765,2.131107672845979
334,-9.110988184531546,19.166057203062568,2.137130892621954
335,-9.145785275423675,19.231248727469374,2.143154112397929
336,-9.180582366315805,19.29644025187618,2.1491773321739043
337,-9.215379457207934,19.361631776282984,2.1552005519498794
338,-9.250176548100065,19.42682330068979,2.1612237717258544
339,-9.284973638992195,19.492014825096593,2.1672469915018295
340,-9.319770729884324,19.5572063495034,2.173270211277804
341,-9.354567820776454,19.622397873910202,2.1792934310537793
342,-9.389364911668583,19.68758939831701,2.1853166508297543
343,-9.424162002560713,19.752780922723815,2.1913398706057294
344,-9.458959093452844,19.817972447130618,2.1973630903817045
345,-9.493756184344972,19.883163971537424,2.2033863101576796
346,-9.528553275237103,19.948355495944227,2.2094095299336547
347,-9.563350366129232,20.013547020351034,2.21543274970963
348,-9.598147457021362,20.07873854475784,2.221455969485605
349,-9.63294454791349,20.143930069164643,2.2274791892615795
350,-9.667741638805621,20.20912159357145,2.2335024090375546
351,-9.702538729697752,20.274313117978252,2.2395256288135297
352,-9.73733582058988,20.33950464238506,2.2455488485895048
353,-9.77213291148201,20.404696166791865,2.25157206836548
354,-9.80693000237414,20.469887691198668,2.257595288141455
355,-9.84172709326627,20.535079215605474,2.26361850791743
356,-9.8765241841584,20.600270740012277,2.269641727693405
357,-9.911321275050529,20.665462264419084,2.27566494746938
358,-9.94611836594266,20.73065378882589,2.281688167245355
359,-9.980915456834788,20.795845313232693,2.28771138702133
360,-10.015712547726919,20.8610368376395,2.293734606797305
361,-10.05050963861905,20.926228362046302,2.29975782657328
362,-10.085306729511178,20.99141988645311,2.305781046349255
363,-10.120103820403308,21.056611410859915,2.3118042661252303
364,-10.154900911295437,21.121802935266718,2.3178274859012054
365,-10.189698002187567,21.186994459673524,2.3238507056771804
366,-10.224495093079696,21.252185984080327,2.3298739254531555
367,-10.259292183971827,21.317377508487134,2.33589714522913
368,-10.294089274863957,21.382569032893937,2.3419203650051053
369,-10.328886365756086,21.447760557300743,2.3479435847810803
370,-10.363683456648216,21.51295208170755,2.3539668045570554
371,-10.398480547540345,21.578143606114352,2.3599900243330305
372,-10.433277638432475,21.64333513052116,2.3660132441090056
373,-10.468074729324606,21.70852665492796,2.3720364638849807
374,-10.502871820216734,21.773718179334768,2.3780596836609558
375,-10.537668911108865,21.838909703741574,2.384082903436931
376,-10.572466002000994,21.904101228148377,2.3901061232129055
377,-10.607263092893124,21.969292752555184,2.3961293429888806
378,-10.642060183785253,22.034484276961987,2.4021525627648557
379,-10.676857274677383,22.099675801368793,2.4081757825408308
380,-10.711654365569514,22.1648673257756,2.414199002316806
381,-10.746451456461642,22.230058850182402,2.420222222092781
382,-10.781248547353773,22.29525037458921,2.426245441868756
383,-10.816045638245901,22.36044189899601,2.432268661644731
384,-10.850842729138032,22.425633423402818,2.4382918814207057
385,-10.885639820030162,22.490824947809624,2.444315101196681
386,-10.920436910922291,22.556016472216427,2.450338320972656
387,-10.955234001814421,22.621207996623234,2.456361540748631
388,-10.99003109270655,22.686399521030037,2.462384760524606
389,-11.02482818359868,22.751591045436843,2.468407980300581
390,-11.059625274490811,22.81678256984365,2.4744312000765563
391,-11.09442236538294,22.881974094250452,2.4804544198525313
392,-11.12921945627507,22.94716561865726,2.4864776396285064
393,-11.164016547167199,23.01235714306406,2.492500859404481
394,-11.19881363805933,23.077548667470868,2.498524079180456
395,-11.233610728951458,23.142740191877675,2.5045472989564312
396,-11.268407819843588,23.207931716284477,2.5105705187324063
397,-11.303204910735719,23.273123240691284,2.5165937385083814
398,-11.338002001627848,23.338314765098087,2.5226169582843565
399,-11.372799092519978,23.403506289504893,2.5286401780603316
400,-11.407596183412107,23.4686978139117,2.5346633978363067
401,-11.442393274304237,23.533889338318502,2.5406866176122818
402,-11.477190365196368,23.59908086272531,2.5467098373882564
403,-11.511987456088496,23.66427238713211,2.5527330571642315
404,-11.546784546980627,23.729463911538918,2.5587562769402066
405,-11.581581637872755,23.79465543594572,2.5647794967161817
406,-11.616378728764886,23.859846960352527,2.5708027164921567
407,-11.651175819657015,23.925038484759334,2.576825936268132
408,-11.685972910549145,23.990230009166137,2.582849156044107
409,-11.720770001441275,24.055421533572943,2.588872375820082
410,-11.755567092333404,24.120613057979746,2.594895595596057
411,-11.790364183225535,24.185804582386552,2.6009188153720317
412,-11.825161274117663,24.25099610679336,2.606942035148007
413,-11.859958365009794,24.31618763120016,2.612965254923982
414,-11.894755455901924,24.381379155606968,2.618988474699957
415,-11.929552546794053,24.44657068001377,2.625011694475932
416,-11.964349637686183,24.511762204420577,2.631034914251907
417,-11.999146728578312,24.576953728827384,2.6370581340278823
418,-12.033943819470442,24.642145253234187,2.6430813538038573
419,-12.068740910362573,24.707336777640993,2.6491045735798324
420,-12.103538001254702,24.772528302047796,2.655127793355807
421,-12.138335092146832,24.837719826454602,2.661151013131782
422,-12.17313218303896,24.90291135086141,2.6671742329077572
423,-12.207929273931091,24.96810287526821,2.6731974526837323
424,-12.24272636482322,25.033294399675018,2.6792206724597074
425,-12.27752345571535,25.09848592408182,2.6852438922356825
426,-12.31232054660748,25.163677448488627,2.6912671120116576
427,-12.34711763749961,25.228868972895434,2.6972903317876327
428,-12.38191472839174,25.294060497302237,2.7033135515636078
429,-12.416711819283869,25.359252021709043,2.7093367713395824
430,-12.451508910175999,25.424443546115846,2.7153599911155575
431,-12.48630600106813,25.489635070522652,2.7213832108915326
432,-12.521103091960258,25.554826594929455,2.7274064306675077
433,-12.555900182852389,25.62001811933626,2.7334296504434827
434,-12.590697273744517,25.685209643743068,2.739452870219458
435,-12.625494364636648,25.75040116814987,2.745476089995433
436,-12.660291455528776,25.815592692556677,2.751499309771408
437,-12.695088546420907,25.88078421696348,2.7575225295473826
438,-12.729885637313037,25.945975741370287,2.7635457493233577
439,-12.764682728205166,26.011167265777093,2.769568969099333
440,-12.799479819097296,26.076358790183896,2.775592188875308
441,-12.834276909989425,26.141550314590702,2.781615408651283
442,-12.869074000881556,26.206741838997505,2.787638628427258
443,-12.903871091773686,26.27193336340431,2.793661848203233
444,-12.938668182665815,26.337124887811118,2.7996850679792082
445,-12.973465273557945,26.40231641221792,2.8057082877551833
446,-13.008262364450074,26.467507936624727,2.811731507531158
447,-13.043059455342204,26.53269946103153,2.817754727307133
448,-13.077856546234333,26.597890985438337,2.823777947083108
449,-13.112653637126463,26.663082509845143,2.8298011668590832
450,-13.147450728018594,26.728274034251946,2.8358243866350583
451,-13.182247818910723,26.793465558658752,2.8418476064110334
452,-13.217044909802853,26.858657083065555,2.8478708261870085
453,-13.251842000694982,26.92384860747236,2.8538940459629836
454,-13.286639091587112,26.989040131879168,2.8599172657389587
455,-13.321436182479243,27.05423165628597,2.8659404855149333
456,-13.356233273371371,27.119423180692777,2.8719637052909084
457,-13.391030364263502,27.18461470509958,2.8779869250668835
458,-13.42582745515563,27.249806229506387,2.8840101448428586
459,-13.460624546047761,27.314997753913193,2.8900333646188336
460,-13.495421636939891,27.380189278319996,2.8960565843948087
461,-13.530218727832022,27.445380802726802,2.902079804170784
462,-13.565015818724149,27.510572327133605,2.908103023946759
463,-13.59981290961628,27.57576385154041,2.914126243722734
464,-13.63461000050841,27.640955375947218,2.9201494634987086
465,-13.66940709140054,27.70614690035402,2.9261726832746837
466,-13.70420418229267,27.771338424760827,2.932195903050659
467,-13.739001273184797,27.83652994916763,2.938219122826634
468,-13.773798364076928,27.901721473574437,2.944242342602609
469,-13.808595454969058,27.96691299798124,2.950265562378584
470,-13.843392545861189,28.032104522388046,2.956288782154559
471,-13.878189636753316,28.097296046794852,2.9623120019305342
472,-13.912986727645446,28.162487571201655,2.9683352217065093
473,-13.947783818537577,28.227679095608462,2.974358441482484
474,-13.982580909429707,28.292870620015265,2.980381661258459
475,-14.017378000321838,28.35806214442207,2.986404881034434
476,-14.052175091213964,28.423253668828877,2.992428100810409
477,-14.086972182106095,28.48844519323568,2.9984513205863843
478,-14.121769272998225,28.553636717642487,3.0044745403623594
479,-14.156566363890356,28.61882824204929,3.0104977601383345
480,-14.191363454782486,28.684019766456096,3.0165209799143096
481,-14.226160545674613,28.749211290862903,3.0225441996902846
482,-14.260957636566744,28.814402815269705,3.0285674194662593
483,-14.295754727458874,28.879594339676512,3.0345906392422344
484,-14.330551818351005,28.944785864083315,3.0406138590182095
485,-14.365348909243135,29.00997738849012,3.0466370787941845
486,-14.400146000135262,29.075168912896928,3.0526602985701596
487,-14.434943091027392,29.14036043730373,3.0586835183461347
488,-14.469740181919523,29.205551961710537,3.06470673812211
489,-14.504537272811653,29.27074348611734,3.070729957898085
490,-14.539334363703784,29.335935010524146,3.0767531776740595
491,-14.57413145459591,29.40112653493095,3.0827763974500346
492,-14.608928545488041,29.466318059337755,3.0887996172260097
493,-14.643725636380172,29.531509583744562,3.094822837001985
494,-14.678522727272302,29.59670110815137,3.10084605677796
495,-14.713319818164432,29.661892632558168,3.106869276553935
496,-14.74811690905656,29.727084156964974,3.11289249632991
497,-14.78291399994869,29.79227568137178,3.118915716105885
498,-14.81771109084082,29.857467205778587,3.1249389358818602
499,-14.85250818173295,29.922658730185393,3.130962155657835
500,-14.887305272625078,29.987850254592193,3.13698537543381
501,-14.922102363517208,30.053041778999,3.143008595209785
502,-14.956899454409339,30.118233303405805,3.14903181498576
503,-14.991696545301469,30.183424827812612,3.155055034761735
504,-15.0264936361936,30.24861635221942,3.1610782545377103
505,-15.061290727085726,30.313807876626218,3.1671014743136854
506,-15.096087817977857,30.378999401033024,3.1731246940896605
507,-15.130884908869987,30.44419092543983,3.1791479138656356
508,-15.165681999762118,30.509382449846637,3.18517113364161
509,-15.200479090654248,30.574573974253443,3.1911943534175853
510,-15.235276181546375,30.639765498660243,3.1972175731935604
511,-15.270073272438506,30.70495702306705,3.2032407929695355
512,-15.304870363330636,30.770148547473855,3.2092640127455105
513,-15.339667454222766,30.835340071880662,3.2152872325214856
514,-15.374464545114897,30.90053159628747,3.2213104522974607
515,-15.409261636007024,30.965723120694268,3.227333672073436
516,-15.444058726899154,31.030914645101074,3.233356891849411
517,-15.478855817791285,31.09610616950788,3.2393801116253855
518,-15.513652908683415,31.161297693914687,3.2454033314013606
519,-15.548449999575546,31.226489218321493,3.2514265511773357
520,-15.583247090467673,31.291680742728293,3.257449770953311
521,-15.618044181359803,31.3568722671351,3.263472990729286
522,-15.652841272251933,31.422063791541905,3.269496210505261
523,-15.687638363144064,31.487255315948712,3.275519430281236
524,-15.722435454036194,31.55244684035552,3.281542650057211
525,-15.757232544928321,31.617638364762318,3.287565869833186
526,-15.792029635820452,31.682829889169124,3.293589089609161
527,-15.826826726712582,31.74802141357593,3.299612309385136
528,-15.861623817604713,31.813212937982737,3.305635529161111
529,-15.89642090849684,31.878404462389543,3.311658748937086
530,-15.93121799938897,31.943595986796343,3.317681968713061
531,-15.9660150902811,32.008787511203145,3.3237051884890363
532,-16.00081218117323,32.07397903560995,3.3297284082650114
533,-16.03560927206536,32.13917056001676,3.3357516280409865
534,-16.07040636295749,32.204362084423565,3.3417748478169615
535,-16.10520345384962,32.269553608830364,3.347798067592936
536,-16.14000054474175,32.33474513323717,3.3538212873689113
537,-16.17479763563388,32.39993665764398,3.3598445071448864
538,-16.20959472652601,32.46512818205078,3.3658677269208614
539,-16.244391817418137,32.53031970645759,3.3718909466968365
540,-16.279188908310267,32.59551123086439,3.3779141664728116
541,-16.313985999202398,32.660702755271195,3.3839373862487867
542,-16.34878309009453,32.725894279678,3.389960606024762
543,-16.38358018098666,32.79108580408481,3.3959838258007364
544,-16.418377271878786,32.856277328491615,3.4020070455767115
545,-16.453174362770916,32.921468852898414,3.4080302653526866
546,-16.487971453663047,32.98666037730522,3.4140534851286617
547,-16.522768544555177,33.05185190171203,3.4200767049046368
548,-16.557565635447308,33.11704342611883,3.426099924680612
549,-16.592362726339434,33.18223495052563,3.432123144456587
550,-16.627159817231565,33.24742647493244,3.438146364232562
551,-16.661956908123695,33.312617999339246,3.444169584008537
552,-16.696753999015826,33.37780952374605,3.4501928037845118
553,-16.731551089907956,33.44300104815286,3.456216023560487
554,-16.766348180800083,33.50819257255966,3.462239243336462
555,-16.801145271692214,33.573384096966464,3.468262463112437
556,-16.835942362584344,33.63857562137327,3.474285682888412
557,-16.870739453476475,33.70376714578008,3.480308902664387
558,-16.9055365443686,33.76895867018688,3.4863321224403623
559,-16.940333635260732,33.83415019459368,3.4923553422163374
560,-16.975130726152862,33.89934171900049,3.4983785619923125
561,-17.009927817044993,33.964533243407296,3.504401781768287
562,-17.044724907937123,34.0297247678141,3.510425001544262
563,-17.07952199882925,34.09491629222091,3.5164482213202373
564,-17.11431908972138,34.16010781662771,3.5224714410962124
565,-17.14911618061351,34.225299341034514,3.5284946608721874
566,-17.18391327150564,34.29049086544132,3.5345178806481625
567,-17.218710362397772,34.35568238984813,3.5405411004241376
568,-17.2535074532899,34.42087391425493,3.5465643202001127
569,-17.28830454418203,34.48606543866173,3.552587539976088
570,-17.32310163507416,34.55125696306854,3.5586107597520624
571,-17.35789872596629,34.616448487475346,3.5646339795280375
572,-17.39269581685842,34.68164001188215,3.5706571993040126
573,-17.427492907750548,34.74683153628896,3.5766804190799877
574,-17.462289998642678,34.81202306069576,3.5827036388559628
575,-17.49708708953481,34.877214585102564,3.588726858631938
576,-17.53188418042694,34.94240610950937,3.594750078407913
577,-17.56668127131907,35.00759763391618,3.600773298183888
578,-17.601478362211196,35.07278915832298,3.606796517959863
579,-17.636275453103327,35.13798068272978,3.6128197377358378
580,-17.671072543995457,35.20317220713659,3.618842957511813
581,-17.705869634887588,35.268363731543396,3.624866177287788
582,-17.740666725779718,35.3335552559502,3.630889397063763
583,-17.775463816671845,35.39874678035701,3.636912616839738
584,-17.810260907563976,35.46393830476381,3.642935836615713
585,-17.845057998456106,35.529129829170614,3.6489590563916883
586,-17.879855089348236,35.59432135357742,3.6549822761676634
587,-17.914652180240363,35.65951287798423,3.6610054959436384
588,-17.949449271132494,35.72470440239103,3.667028715719613
589,-17.984246362024624,35.78989592679783,3.673051935495588
590,-18.019043452916755,35.85508745120464,3.6790751552715633
591,-18.053840543808885,35.920278975611446,3.6850983750475383
592,-18.088637634701012,35.98547050001825,3.6911215948235134
593,-18.123434725593143,36.05066202442506,3.6971448145994885
594,-18.158231816485273,36.11585354883186,3.7031680343754636
595,-18.193028907377403,36.181045073238664,3.7091912541514387
596,-18.227825998269534,36.24623659764547,3.7152144739274133
597,-18.26262308916166,36.31142812205228,3.7212376937033884
598,-18.29742018005379,36.37661964645908,3.7272609134793635
599,-18.33221727094592,36.44181117086588,3.7332841332553386
600,-18.367014361838052,36.50700269527269,3.7393073530313137
601,-18.401811452730183,36.572194219679496,3.7453305728072888
602,-18.43660854362231,36.6373857440863,3.751353792583264
603,-18.47140563451444,36.70257726849311,3.757377012359239
604,-18.50620272540657,36.76776879289991,3.763400232135214
605,-18.5409998162987,36.832960317306714,3.7694234519111887
606,-18.57579690719083,36.89815184171352,3.7754466716871637
607,-18.610593998082958,36.96334336612033,3.781469891463139
608,-18.64539108897509,37.028534890527126,3.787493111239114
609,-18.68018817986722,37.09372641493393,3.793516331015089
610,-18.71498527075935,37.15891793934074,3.799539550791064
611,-18.74978236165148,37.224109463747546,3.805562770567039
612,-18.784579452543607,37.28930098815435,3.8115859903430143
613,-18.819376543435737,37.35449251256115,3.8176092101189893
614,-18.854173634327868,37.41968403696796,3.823632429894964
615,-18.88897072522,37.484875561374764,3.829655649670939
616,-18.923767816112125,37.55006708578157,3.835678869446914
617,-18.958564907004256,37.61525861018838,3.8417020892228892
618,-18.993361997896386,37.680450134595176,3.8477253089988643
619,-19.028159088788517,37.74564165900198,3.8537485287748394
620,-19.062956179680647,37.81083318340879,3.8597717485508145
621,-19.097753270572774,37.876024707815596,3.8657949683267896
622,-19.132550361464904,37.9412162322224,3.8718181881027647
623,-19.167347452357035,38.0064077566292,3.8778414078787393
624,-19.202144543249165,38.07159928103601,3.8838646276547144
625,-19.236941634141296,38.136790805442814,3.8898878474306895
626,-19.271738725033423,38.20198232984962,3.8959110672066646
627,-19.306535815925553,38.26717385425643,3.9019342869826397
628,-19.341332906817684,38.332365378663226,3.9079575067586148
629,-19.376129997709814,38.39755690307003,3.91398072653459
630,-19.410927088601944,38.46274842747684,3.920003946310565
631,-19.44572417949407,38.527939951883646,3.92602716608654
632,-19.480521270386202,38.59313147629045,3.9320503858625147
633,-19.515318361278332,38.65832300069725,3.9380736056384897
634,-19.550115452170463,38.72351452510406,3.944096825414465
635,-19.584912543062593,38.788706049510864,3.95012004519044
636,-19.61970963395472,38.85389757391767,3.956143264966415
637,-19.65450672484685,38.91908909832448,3.96216648474239
638,-19.68930381573898,38.984280622731276,3.968189704518365
639,-19.72410090663111,39.04947214713808,3.9742129242943403
640,-19.758897997523242,39.11466367154489,3.9802361440703153
641,-19.79369508841537,39.179855195951696,3.98625936384629
642,-19.8284921793075,39.2450467203585,3.992282583622265
643,-19.86328927019963,39.3102382447653,3.99830580339824
644,-19.89808636109176,39.37542976917211,4.004329023174215
645,-19.932883451983887,39.440621293578914,4.010352242950191
646,-19.967680542876018,39.50581281798572,4.016375462726165
647,-20.002477633768148,39.57100434239253,4.022398682502141
648,-20.03727472466028,39.636195866799326,4.028421902278115
649,-20.07207181555241,39.70138739120613,4.03444512205409
650,-20.106868906444536,39.76657891561294,4.040468341830065
651,-20.141665997336666,39.831770440019746,4.04649156160604
652,-20.176463088228797,39.89696196442655,4.0525147813820155
653,-20.211260179120927,39.96215348883335,4.058538001157991
654,-20.246057270013058,40.02734501324016,4.064561220933966
655,-20.280854360905185,40.092536537646964,4.070584440709941
656,-20.315651451797315,40.15772806205377,4.076607660485916
657,-20.350448542689445,40.22291958646058,4.082630880261891
658,-20.385245633581576,40.288111110867376,4.088654100037866
659,-20.420042724473706,40.35330263527418,4.09467731981384
660,-20.454839815365833,40.41849415968099,4.100700539589816
661,-20.489636906257964,40.483685684087796,4.10672375936579
662,-20.524433997150094,40.5488772084946,4.112746979141766
663,-20.559231088042225,40.6140687329014,4.1187701989177405
664,-20.594028178934355,40.67926025730821,4.1247934186937165
665,-20.628825269826482,40.744451781715014,4.130816638469691
666,-20.663622360718612,40.80964330612182,4.136839858245666
667,-20.698419451610743,40.87483483052863,4.142863078021641
668,-20.733216542502873,40.940026354935426,4.148886297797616
669,-20.768013633395,41.00521787934223,4.154909517573591
670,-20.80281072428713,41.07040940374904,4.160932737349566
671,-20.83760781517926,41.135600928155846,4.166955957125541
672,-20.87240490607139,41.20079245256265,4.172979176901516
673,-20.907201996963522,41.26598397696945,4.179002396677491
674,-20.94199908785565,41.33117550137626,4.1850256164534665
675,-20.97679617874778,41.396367025783064,4.191048836229442
676,-21.01159326963991,41.46155855018987,4.197072056005417
677,-21.04639036053204,41.52675007459667,4.203095275781392
678,-21.08118745142417,41.591941599003476,4.209118495557367
679,-21.115984542316298,41.65713312341028,4.215141715333342
680,-21.150781633208428,41.72232464781709,4.221164935109316
681,-21.18557872410056,41.787516172223896,4.227188154885291
682,-21.22037581499269,41.852707696630695,4.233211374661266
683,-21.25517290588482,41.9178992210375,4.239234594437241
684,-21.289969996776946,41.98309074544431,4.2452578142132165
685,-21.324767087669077,42.048282269851114,4.2512810339891915
686,-21.359564178561207,42.11347379425792,4.257304253765167
687,-21.394361269453338,42.17866531866472,4.263327473541142
688,-21.42915836034547,42.243856843071526,4.269350693317117
689,-21.463955451237595,42.30904836747833,4.275373913093092
690,-21.498752542129726,42.37423989188514,4.281397132869067
691,-21.533549633021856,42.439431416291946,4.287420352645042
692,-21.568346723913987,42.504622940698745,4.293443572421017
693,-21.603143814806117,42.56981446510555,4.299466792196992
694,-21.637940905698244,42.63500598951236,4.305490011972967
695,-21.672737996590374,42.700197513919164,4.311513231748942
696,-21.707535087482505,42.76538903832597,4.3175364515249175
697,-21.742332178374635,42.83058056273277,4.323559671300893
698,-21.777129269266762,42.89577208713958,4.329582891076867
699,-21.811926360158893,42.96096361154638,4.335606110852842
700,-21.846723451051023,43.02615513595319,4.341629330628817
701,-21.881520541943154,43.091346660359996,4.347652550404792
702,-21.916317632835284,43.156538184766795,4.353675770180767
703,-21.95111472372741,43.2217297091736,4.359698989956742
704,-21.98591181461954,43.28692123358041,4.365722209732717
705,-22.020708905511672,43.352112757987214,4.371745429508692
706,-22.055505996403802,43.41730428239402,4.3777686492846675
707,-22.090303087295933,43.48249580680082,4.3837918690606426
708,-22.12510017818806,43.54768733120763,4.389815088836618
709,-22.15989726908019,43.61287885561443,4.395838308612593
710,-22.19469435997232,43.67807038002124,4.401861528388568
711,-22.22949145086445,43.743261904428046,4.407884748164543
712,-22.26428854175658,43.808453428834845,4.413907967940518
713,-22.29908563264871,43.87364495324165,4.419931187716493
714,-22.33388272354084,43.93883647764846,4.425954407492468
715,-22.36867981443297,44.004028002055264,4.431977627268443
716,-22.4034769053251,44.06921952646207,4.438000847044417
717,-22.43827399621723,44.13441105086887,4.4440240668203925
718,-22.473071087109357,44.19960257527568,4.450047286596368
719,-22.507868178001488,44.26479409968248,4.456070506372343
720,-22.542665268893618,44.32998562408929,4.462093726148318
721,-22.57746235978575,44.395177148496096,4.468116945924293
722,-22.61225945067788,44.460368672902895,4.474140165700268
723,-22.647056541570006,44.5255601973097,4.480163385476243
724,-22.681853632462136,44.59075172171651,4.486186605252218
725,-22.716650723354267,44.655943246123314,4.492209825028193
726,-22.751447814246397,44.72113477053012,4.498233044804168
727,-22.786244905138524,44.78632629493692,4.504256264580143
728,-22.821041996030655,44.85151781934373,4.5102794843561185
729,-22.855839086922785,44.91670934375053,4.516302704132094
730,-22.890636177814915,44.98190086815734,4.522325923908069
731,-22.925433268707046,45.047092392564146,4.528349143684044
732,-22.960230359599173,45.112283916970945,4.534372363460019
733,-22.995027450491303,45.17747544137775,4.540395583235993
734,-23.029824541383434,45.24266696578456,4.546418803011968
735,-23.064621632275564,45.307858490191364,4.552442022787943
736,-23.099418723167695,45.373050014598164,4.558465242563918
737,-23.13421581405982,45.43824153900497,4.564488462339893
738,-23.169012904951952,45.50343306341178,4.5705116821158684
739,-23.203809995844082,45.56862458781858,4.5765349018918435
740,-23.238607086736213,45.63381611222539,4.582558121667819
741,-23.273404177628343,45.69900763663219,4.588581341443794
742,-23.30820126852047,45.764199161038995,4.594604561219769
743,-23.3429983594126,45.8293906854458,4.600627780995744
744,-23.37779545030473,45.89458220985261,4.606651000771719
745,-23.41259254119686,45.959773734259414,4.612674220547694
746,-23.447389632088992,46.024965258666214,4.618697440323669
747,-23.48218672298112,46.09015678307302,4.624720660099644
748,-23.51698381387325,46.15534830747983,4.630743879875619
749,-23.55178090476538,46.22053983188663,4.636767099651594
750,-23.58657799565751,46.28573135629344,4.6427903194275695
751,-23.62137508654964,46.35092288070024,4.648813539203544
752,-23.656172177441768,46.416114405107045,4.654836758979519
753,-23.690969268333898,46.48130592951385,4.660859978755494
754,-23.72576635922603,46.54649745392066,4.666883198531469
755,-23.76056345011816,46.611688978327464,4.672906418307444
756,-23.795360541010286,46.676880502734264,4.678929638083419
757,-23.830157631902416,46.74207202714107,4.684952857859394
758,-23.864954722794547,46.80726355154788,4.690976077635369
759,-23.899751813686677,46.87245507595468,4.696999297411344
760,-23.934548904578808,46.93764660036149,4.7030225171873195
761,-23.969345995470935,47.00283812476829,4.7090457369632945
762,-24.004143086363065,47.068029649175095,4.71506895673927
763,-24.038940177255196,47.1332211735819,4.721092176515245
764,-24.073737268147326,47.19841269798871,4.72711539629122
765,-24.108534359039457,47.263604222395514,4.733138616067195
766,-24.143331449931583,47.328795746802314,4.73916183584317
767,-24.178128540823714,47.39398727120912,4.745185055619145
768,-24.212925631715844,47.45917879561593,4.751208275395119
769,-24.247722722607975,47.52437032002273,4.757231495171094
770,-24.282519813500105,47.58956184442954,4.763254714947069
771,-24.317316904392232,47.65475336883634,4.7692779347230445
772,-24.352113995284363,47.719944893243145,4.77530115449902
773,-24.386911086176493,47.78513641764995,4.781324374274995
774,-24.421708177068624,47.85032794205676,4.78734759405097
775,-24.456505267960754,47.915519466463564,4.793370813826945
776,-24.49130235885288,47.980710990870364,4.79939403360292
777,-24.52609944974501,48.04590251527717,4.805417253378895
778,-24.560896540637142,48.11109403968398,4.81144047315487
779,-24.595693631529272,48.17628556409078,4.817463692930845
780,-24.630490722421403,48.24147708849759,4.82348691270682
781,-24.66528781331353,48.30666861290439,4.829510132482795
782,-24.70008490420566,48.371860137311195,4.8355333522587705
783,-24.73488199509779,48.437051661718,4.8415565720347455
784,-24.76967908598992,48.50224318612481,4.847579791810721
785,-24.804476176882048,48.567434710531614,4.853603011586696
786,-24.83927326777418,48.632626234938414,4.85962623136267
787,-24.87407035866631,48.69781775934522,4.865649451138645
788,-24.90886744955844,48.76300928375203,4.87167267091462
789,-24.94366454045057,48.82820080815883,4.877695890690595
790,-24.978461631342697,48.89339233256564,4.88371911046657
791,-25.013258722234827,48.95858385697244,4.889742330242545
792,-25.048055813126958,49.023775381379245,4.89576555001852
793,-25.082852904019088,49.08896690578605,4.9017887697944955
794,-25.11764999491122,49.15415843019286,4.907811989570471
795,-25.152447085803345,49.219349954599664,4.913835209346446
796,-25.187244176695476,49.284541479006464,4.919858429122421
797,-25.222041267587606,49.34973300341327,4.925881648898396
798,-25.256838358479737,49.41492452782008,4.931904868674371
799,-25.291635449371867,49.48011605222688,4.937928088450346
800,-25.326432540263994,49.54530757663369,4.943951308226321
801,-25.361229631156124,49.61049910104049,4.949974528002296
802,-25.396026722048255,49.675690625447295,4.955997747778271
803,-25.430823812940385,49.7408821498541,4.962020967554246
804,-25.465620903832516,49.80607367426091,4.968044187330221
805,-25.500417994724643,49.87126519866771,4.974067407106196
806,-25.535215085616773,49.936456723074514,4.980090626882171
807,-25.570012176508904,50.00164824748132,4.986113846658146
808,-25.604809267401034,50.06683977188813,4.992137066434121
809,-25.639606358293165,50.13203129629493,4.998160286210096
810,-25.67440344918529,50.19722282070173,5.004183505986071
811,-25.709200540077422,50.26241434510854,5.010206725762046
812,-25.743997630969552,50.327605869515345,5.016229945538021
813,-25.778794721861683,50.39279739392215,5.022253165313996
814,-25.81359181275381,50.45798891832896,5.028276385089971
815,-25.84838890364594,50.52318044273576,5.0342996048659465
816,-25.88318599453807,50.588371967142564,5.040322824641922
817,-25.9179830854302,50.65356349154937,5.046346044417897
818,-25.95278017632233,50.71875501595618,5.052369264193872
819,-25.98757726721446,50.78394654036298,5.058392483969847
820,-26.02237435810659,50.84913806476978,5.064415703745822
821,-26.05717144899872,50.91432958917659,5.070438923521796
822,-26.09196853989085,50.979521113583395,5.076462143297771
823,-26.12676563078298,51.0447126379902,5.082485363073746
824,-26.161562721675107,51.10990416239701,5.088508582849721
825,-26.196359812567238,51.17509568680381,5.0945318026256965
826,-26.231156903459368,51.240287211210614,5.100555022401672
827,-26.2659539943515,51.30547873561742,5.106578242177647
828,-26.30075108524363,51.37067026002423,5.112601461953622
829,-26.335548176135756,51.43586178443103,5.118624681729597
830,-26.370345267027886,51.50105330883783,5.124647901505572
831,-26.405142357920017,51.56624483324464,5.130671121281547
832,-26.439939448812147,51.631436357651445,5.136694341057522
833,-26.474736539704278,51.69662788205825,5.142717560833497
834,-26.509533630596405,51.76181940646506,5.148740780609472
835,-26.544330721488535,51.82701093087186,5.154764000385447
836,-26.579127812380666,51.892202455278664,5.160787220161422
837,-26.613924903272796,51.95739397968547,5.1668104399373975
838,-26.648721994164926,52.02258550409228,5.172833659713373
839,-26.683519085057053,52.08777702849908,5.178856879489347
840,-26.718316175949184,52.15296855290588,5.184880099265322
841,-26.753113266841314,52.21816007731269,5.190903319041297
842,-26.787910357733445,52.283351601719495,5.196926538817272
843,-26.82270744862557,52.3485431261263,5.202949758593247
844,-26.857504539517702,52.41373465053311,5.208972978369222
845,-26.892301630409833,52.47892617493991,5.214996198145197
846,-26.927098721301963,52.544117699346714,5.221019417921172
847,-26.961895812194093,52.60930922375352,5.2270426376971475
848,-26.99669290308622,52.67450074816033,5.233065857473123
849,-27.03148999397835,52.73969227256713,5.239089077249098
850,-27.06628708487048,52.80488379697393,5.245112297025073
851,-27.10108417576261,52.87007532138074,5.251135516801048
852,-27.135881266654742,52.935266845787545,5.257158736577023
853,-27.17067835754687,53.00045837019435,5.263181956352998
854,-27.205475448439,53.06564989460116,5.269205176128973
855,-27.24027253933113,53.13084141900796,5.275228395904948
856,-27.27506963022326,53.196032943414764,5.281251615680923
857,-27.30986672111539,53.26122446782157,5.2872748354568975
858,-27.344663812007518,53.32641599222838,5.293298055232873
859,-27.37946090289965,53.39160751663518,5.299321275008848
860,-27.41425799379178,53.45679904104198,5.305344494784823
861,-27.44905508468391,53.52199056544879,5.311367714560798
862,-27.48385217557604,53.587182089855595,5.317390934336773
863,-27.518649266468167,53.6523736142624,5.323414154112748
864,-27.553446357360297,53.7175651386692,5.329437373888723
865,-27.588243448252427,53.78275666307601,5.335460593664698
866,-27.623040539144558,53.847948187482814,5.341483813440673
867,-27.65783763003669,53.91313971188962,5.347507033216648
868,-27.692634720928815,53.97833123629643,5.353530252992623
869,-27.727431811820946,54.043522760703226,5.3595534727685985
870,-27.762228902713076,54.10871428511003,5.365576692544574
871,-27.797025993605207,54.17390580951684,5.371599912320549
872,-27.831823084497334,54.239097333923645,5.377623132096524
873,-27.866620175389464,54.30428885833045,5.383646351872499
874,-27.901417266281594,54.36948038273725,5.389669571648473
875,-27.936214357173725,54.43467190714406,5.395692791424448
876,-27.971011448065855,54.499863431550864,5.401716011200423
877,-28.005808538957982,54.56505495595767,5.407739230976398
878,-28.040605629850113,54.63024648036448,5.413762450752373
879,-28.075402720742243,54.695438004771276,5.4197856705283485
880,-28.110199811634374,54.76062952917808,5.425808890304324
881,-28.144996902526504,54.82582105358489,5.431832110080299
882,-28.17979399341863,54.891012577991695,5.437855329856274
883,-28.21459108431076,54.9562041023985,5.443878549632249
884,-28.249388175202892,55.0213956268053,5.449901769408224
885,-28.284185266095022,55.08658715121211,5.455924989184199
886,-28.318982356987153,55.151778675618914,5.461948208960174
887,-28.35377944787928,55.21697020002572,5.467971428736149
888,-28.38857653877141,55.28216172443253,5.473994648512124
889,-28.42337362966354,55.347353248839326,5.480017868288099
890,-28.45817072055567,55.41254477324613,5.486041088064074
891,-28.4929678114478,55.47773629765294,5.4920643078400495
892,-28.52776490233993,55.542927822059745,5.498087527616024
893,-28.56256199323206,55.60811934646655,5.504110747391999
894,-28.59735908412419,55.67331087087335,5.510133967167974
895,-28.63215617501632,55.73850239528016,5.516157186943949
896,-28.666953265908447,55.803693919686964,5.522180406719924
897,-28.701750356800577,55.86888544409377,5.528203626495899
898,-28.736547447692708,55.93407696850058,5.534226846271874
899,-28.771344538584838,55.999268492907376,5.540250066047849
900,-28.80614162947697,56.06446001731418,5.546273285823824
901,-28.840938720369095,56.12965154172099,5.5522965055997995
902,-28.875735811261226,56.194843066127795,5.558319725375775
903,-28.910532902153356,56.2600345905346,5.56434294515175
904,-28.945329993045487,56.3252261149414,5.570366164927725
905,-28.980127083937617,56.39041763934821,5.5763893847037
906,-29.014924174829744,56.455609163755014,5.582412604479675
907,-29.049721265721875,56.52080068816182,5.58843582425565
908,-29.084518356614005,56.58599221256863,5.594459044031625
909,-29.119315447506136,56.651183736975426,5.6004822638076
910,-29.154112538398266,56.71637526138223,5.606505483583574
911,-29.188909629290393,56.78156678578904,5.6125287033595495
912,-29.223706720182523,56.846758310195845,5.6185519231355245
913,-29.258503811074654,56.91194983460265,5.6245751429115
914,-29.293300901966784,56.97714135900945,5.630598362687475
915,-29.328097992858915,57.04233288341626,5.63662158246345
916,-29.36289508375104,57.107524407823064,5.642644802239425
917,-29.397692174643172,57.17271593222987,5.6486680220154
918,-29.432489265535303,57.23790745663668,5.654691241791375
919,-29.467286356427433,57.303098981043476,5.66071446156735
920,-29.502083447319563,57.36829050545028,5.666737681343325
921,-29.53688053821169,57.43348202985709,5.6727609011193
922,-29.571677629103824,57.498673554263895,5.678784120895275
923,-29.60647471999595,57.5638650786707,5.6848073406712505
924,-29.641271810888078,57.6290566030775,5.690830560447226
925,-29.676068901780212,57.69424812748431,5.696853780223201
926,-29.71086599267234,57.759439651891114,5.702876999999176
927,-29.745663083564473,57.82463117629792,5.70890021977515
928,-29.7804601744566,57.88982270070473,5.714923439551125
929,-29.815257265348727,57.955014225111526,5.7209466593271
930,-29.85005435624086,58.02020574951833,5.726969879103075
931,-29.884851447132988,58.08539727392514,5.73299309887905
932,-29.919648538025122,58.150588798331945,5.739016318655025
933,-29.95444562891725,58.215780322738745,5.7450395384310005
934,-29.989242719809376,58.28097184714555,5.7510627582069755
935,-30.02403981070151,58.34616337155236,5.757085977982951
936,-30.058836901593637,58.411354895959164,5.763109197758926
937,-30.09363399248577,58.47654642036597,5.769132417534901
938,-30.128431083377897,58.54173794477277,5.775155637310876
939,-30.163228174270024,58.606929469179576,5.781178857086851
940,-30.19802526516216,58.67212099358638,5.787202076862826
941,-30.232822356054285,58.73731251799319,5.793225296638801
942,-30.267619446946412,58.802504042399995,5.799248516414776
943,-30.302416537838546,58.867695566806795,5.805271736190751
944,-30.337213628730673,58.9328870912136,5.811294955966726
945,-30.372010719622807,58.99807861562041,5.817318175742701
946,-30.406807810514934,59.063270140027214,5.823341395518676
947,-30.44160490140706,59.12846166443402,5.829364615294651
948,-30.476401992299195,59.19365318884082,5.835387835070626
949,-30.511199083191322,59.258844713247626,5.841411054846601
950,-30.545996174083456,59.32403623765443,5.847434274622576
951,-30.580793264975583,59.38922776206124,5.853457494398551
952,-30.61559035586771,59.454419286468045,5.859480714174526
953,-30.650387446759844,59.519610810874845,5.865503933950501
954,-30.68518453765197,59.58480233528165,5.871527153726476
955,-30.719981628544105,59.64999385968846,5.8775503735024515
956,-30.75477871943623,59.715185384095264,5.8835735932784266
957,-30.78957581032836,59.78037690850207,5.889596813054402
958,-30.824372901220492,59.84556843290887,5.895620032830377
959,-30.85916999211262,59.910759957315676,5.901643252606352
960,-30.893967083004753,59.97595148172248,5.907666472382327
961,-30.92876417389688,60.04114300612929,5.913689692158302
962,-30.963561264789007,60.106334530536095,5.919712911934277
963,-30.99835835568114,60.171526054942895,5.925736131710251
964,-31.033155446573268,60.2367175793497,5.931759351486226
965,-31.067952537465402,60.30190910375651,5.937782571262201
966,-31.10274962835753,60.367100628163314,5.9438057910381765
967,-31.137546719249656,60.43229215257012,5.949829010814152
968,-31.17234381014179,60.49748367697692,5.955852230590127
969,-31.207140901033917,60.562675201383726,5.961875450366102
970,-31.24193799192605,60.62786672579053,5.967898670142077
971,-31.276735082818178,60.69305825019734,5.973921889918052
972,-31.311532173710305,60.758249774604145,5.979945109694027
973,-31.34632926460244,60.823441299010945,5.985968329470002
974,-31.381126355494565,60.88863282341775,5.991991549245977
975,-31.4159234463867,60.95382434782456,5.998014769021952
976,-31.450720537278826,61.019015872231364,6.004037988797927
977,-31.485517628170953,61.08420739663817,6.0100612085739025
978,-31.520314719063087,61.14939892104497,6.0160844283498776
979,-31.555111809955214,61.214590445451776,6.022107648125853
980,-31.589908900847348,61.27978196985858,6.028130867901827
981,-31.624705991739475,61.34497349426539,6.034154087677802
982,-31.659503082631602,61.41016501867219,6.040177307453777
983,-31.694300173523736,61.475356543079,6.046200527229752
984,-31.729097264415863,61.5405480674858,6.052223747005727
985,-31.763894355307997,61.6057395918926,6.058246966781702
986,-31.798691446200124,61.670931116299414,6.064270186557677
987,-31.83348853709225,61.73612264070621,6.070293406333652
988,-31.868285627984385,61.80131416511303,6.0763166261096275
989,-31.90308271887651,61.866505689519826,6.082339845885603
990,-31.937879809768646,61.931697213926626,6.088363065661578
991,-31.972676900660773,61.99688873833344,6.094386285437553
992,-32.0074739915529,62.06208026274024,6.100409505213528
993,-32.04227108244503,62.12727178714705,6.106432724989503
994,-32.07706817333716,62.19246331155385,6.112455944765478
995,-32.111865264229294,62.25765483596065,6.118479164541453
996,-32.14666235512142,62.322846360367464,6.124502384317428
997,-32.18145944601355,62.38803788477426,6.130525604093403
998,-32.21625653690568,62.45322940918108,6.1365488238693775
999,-32.25105362779781,62.518420933587876,6.142572043645353
1000,-32.285850718689936,62.583612457994676,6.148595263421328
1001,-32.32064780958207,62.64880398240149,6.154618483197303
1002,-32.3554449004742,62.71399550680829,6.160641702973278
1003,-32.39024199136633,62.7791870312151,6.166664922749253
1004,-32.42503908225846,62.8443785556219,6.172688142525228
1005,-32.459836173150585,62.9095700800287,6.178711362301203
1006,-32.49463326404272,62.974761604435514,6.184734582077178
1007,-32.529430354934846,63.03995312884231,6.190757801853153
1008,-32.56422744582698,63.10514465324913,6.196781021629128
1009,-32.59902453671911,63.170336177655926,6.2028042414051034
1010,-32.63382162761123,63.235527702062726,6.2088274611810785
1011,-32.66861871850337,63.30071922646954,6.214850680957054
1012,-32.703415809395494,63.36591075087634,6.220873900733029
1013,-32.73821290028763,63.43110227528315,6.226897120509004
1014,-32.773009991179755,63.49629379968995,6.232920340284979
1015,-32.80780708207188,63.56148532409675,6.238943560060954
1016,-32.842604172964016,63.626676848503564,6.244966779836928
1017,-32.87740126385614,63.69186837291036,6.250989999612903
1018,-32.91219835474828,63.75705989731718,6.257013219388878
1019,-32.946995445640404,63.822251421723976,6.263036439164853
1020,-32.98179253653253,63.887442946130776,6.2690596589408285
1021,-33.016589627424665,63.95263447053759,6.275082878716804
1022,-33.05138671831679,64.01782599494439,6.281106098492779
1023,-33.086183809208926,64.0830175193512,6.287129318268754
1024,-33.12098090010105,64.148209043758,6.293152538044729
1025,-33.15577799099318,64.2134005681648,6.299175757820704
1026,-33.190575081885314,64.27859209257161,6.305198977596679
1027,-33.22537217277744,64.34378361697841,6.311222197372654
1028,-33.260169263669574,64.40897514138523,6.317245417148629
1029,-33.2949663545617,64.47416666579203,6.323268636924604
1030,-33.32976344545383,64.53935819019883,6.329291856700579
1031,-33.36456053634596,64.60454971460564,6.3353150764765545
1032,-33.39935762723809,64.66974123901244,6.3413382962525295
1033,-33.43415471813022,64.73493276341925,6.347361516028504
1034,-33.46895180902235,64.80012428782605,6.353384735804479
1035,-33.50374889991448,64.86531581223285,6.359407955580454
1036,-33.53854599080661,64.93050733663966,6.365431175356429
1037,-33.57334308169874,64.99569886104646,6.371454395132404
1038,-33.60814017259087,65.06089038545328,6.377477614908379
1039,-33.642937263483,65.12608190986008,6.383500834684354
1040,-33.677734354375126,65.19127343426688,6.389524054460329
1041,-33.71253144526726,65.25646495867369,6.395547274236304
1042,-33.74732853615939,65.32165648308049,6.4015704940122795
1043,-33.78212562705152,65.3868480074873,6.407593713788255
1044,-33.81692271794365,65.4520395318941,6.41361693356423
1045,-33.851719808835774,65.5172310563009,6.419640153340205
1046,-33.88651689972791,65.58242258070771,6.42566337311618
1047,-33.921313990620035,65.64761410511451,6.431686592892155
1048,-33.95611108151217,65.71280562952133,6.43770981266813
1049,-33.990908172404296,65.77799715392813,6.443733032444105
1050,-34.02570526329642,65.84318867833493,6.44975625222008
1051,-34.06050235418856,65.90838020274174,6.455779471996054
1052,-34.095299445080684,65.97357172714854,6.4618026917720295
1053,-34.13009653597281,66.03876325155535,6.467825911548005
1054,-34.164893626864945,66.10395477596215,6.47384913132398
1055,-34.19969071775707,66.16914630036895,6.479872351099955
1056,-34.234487808649206,66.23433782477576,6.48589557087593
1057,-34.26928489954133,66.29952934918256,6.491918790651905
1058,-34.30408199043346,66.36472087358938,6.49794201042788
1059,-34.338879081325594,66.42991239799618,6.503965230203855
1060,-34.37367617221772,66.49510392240298,6.50998844997983
1061,-34.408473263109855,66.56029544680979,6.516011669755805
1062,-34.44327035400198,66.62548697121659,6.52203488953178
1063,-34.47806744489411,66.6906784956234,6.528058109307755
1064,-34.51286453578624,66.7558700200302,6.5340813290837305
1065,-34.54766162667837,66.821061544437,6.540104548859706
1066,-34.5824587175705,66.88625306884381,6.546127768635681
1067,-34.61725580846263,66.95144459325061,6.552150988411656
1068,-34.65205289935476,67.01663611765743,6.558174208187631
1069,-34.68684999024689,67.08182764206423,6.564197427963605
1070,-34.72164708113902,67.14701916647103,6.57022064773958
1071,-34.75644417203115,67.21221069087784,6.576243867515555
1072,-34.79124126292328,67.27740221528464,6.58226708729153
1073,-34.826038353815406,67.34259373969145,6.588290307067505
1074,-34.86083544470754,67.40778526409825,6.5943135268434805
1075,-34.89563253559967,67.47297678850505,6.600336746619456
1076,-34.9304296264918,67.53816831291186,6.606359966395431
1077,-34.96522671738393,67.60335983731866,6.612383186171406
1078,-35.000023808276055,67.66855136172548,6.618406405947381
1079,-35.03482089916819,67.73374288613228,6.624429625723356
1080,-35.069617990060316,67.79893441053908,6.630452845499331
1081,-35.10441508095245,67.86412593494589,6.636476065275306
1082,-35.13921217184458,67.92931745935269,6.642499285051281
1083,-35.1740092627367,67.9945089837595,6.648522504827256
1084,-35.20880635362884,68.0597005081663,6.654545724603231
1085,-35.243603444520964,68.1248920325731,6.660568944379206
1086,-35.2784005354131,68.19008355697991,6.666592164155181
1087,-35.313197626305225,68.25527508138671,6.672615383931156
1088,-35.34799471719735,68.32046660579353,6.678638603707131
1089,-35.382791808089486,68.38565813020033,6.684661823483106
1090,-35.41758889898161,68.45084965460713,6.690685043259081
1091,-35.45238598987375,68.51604117901394,6.696708263035056
1092,-35.487183080765874,68.58123270342074,6.702731482811031
1093,-35.521980171658,68.64642422782754,6.708754702587006
1094,-35.556777262550135,68.71161575223435,6.714777922362981
1095,-35.59157435344226,68.77680727664115,6.720801142138956
1096,-35.626371444334396,68.84199880104796,6.7268243619149315
1097,-35.66116853522652,68.90719032545476,6.732847581690907
1098,-35.69596562611865,68.97238184986156,6.738870801466882
1099,-35.73076271701078,69.03757337426838,6.744894021242857
1100,-35.76555980790291,69.10276489867518,6.750917241018832
1101,-35.800356898795044,69.16795642308199,6.756940460794807
1102,-35.83515398968717,69.23314794748879,6.762963680570782
1103,-35.8699510805793,69.29833947189559,6.768986900346757
1104,-35.90474817147143,69.3635309963024,6.775010120122731
1105,-35.93954526236356,69.4287225207092,6.781033339898706
1106,-35.97434235325569,69.49391404511601,6.7870565596746815
1107,-36.00913944414782,69.55910556952281,6.7930797794506566
1108,-36.04393653503995,69.62429709392961,6.799102999226632
1109,-36.07873362593208,69.68948861833643,6.805126219002607
1110,-36.11353071682421,69.75468014274323,6.811149438778582
1111,-36.148327807716335,69.81987166715004,6.817172658554557
1112,-36.18312489860847,69.88506319155684,6.823195878330532
1113,-36.217921989500596,69.95025471596364,6.829219098106507
1114,-36.25271908039273,70.01544624037045,6.835242317882482
1115,-36.28751617128486,70.08063776477725,6.841265537658457
1116,-36.32231326217698,70.14582928918406,6.847288757434432
1117,-36.35711035306912,70.21102081359086,6.853311977210407
1118,-36.391907443961244,70.27621233799766,6.8593351969863825
1119,-36.42670453485338,70.34140386240448,6.865358416762358
1120,-36.461501625745505,70.40659538681128,6.871381636538333
1121,-36.49629871663763,70.47178691121809,6.877404856314308
1122,-36.531095807529766,70.53697843562489,6.883428076090282
1123,-36.56589289842189,70.60216996003169,6.889451295866257
1124,-36.60068998931403,70.6673614844385,6.895474515642232
1125,-36.635487080206154,70.7325530088453,6.901497735418207
1126,-36.67028417109828,70.79774453325211,6.907520955194182
1127,-36.705081261990415,70.86293605765891,6.913544174970157
1128,-36.73987835288254,70.92812758206571,6.9195673947461325
1129,-36.774675443774676,70.99331910647253,6.925590614522108
1130,-36.8094725346668,71.05851063087933,6.931613834298083
1131,-36.84426962555893,71.12370215528614,6.937637054074058
1132,-36.879066716451064,71.18889367969294,6.943660273850033
1133,-36.91386380734319,71.25408520409974,6.949683493626008
1134,-36.948660898235325,71.31927672850655,6.955706713401983
1135,-36.98345798912745,71.38446825291335,6.961729933177958
1136,-37.01825508001958,71.44965977732016,6.967753152953933
1137,-37.05305217091171,71.51485130172696,6.973776372729908
1138,-37.08784926180384,71.58004282613376,6.979799592505883
1139,-37.12264635269597,71.64523435054058,6.9858228122818575
1140,-37.1574434435881,71.71042587494738,6.991846032057833
1141,-37.19224053448023,71.77561739935419,6.997869251833808
1142,-37.22703762537236,71.84080892376099,7.003892471609783
1143,-37.26183471626449,71.90600044816779,7.009915691385758
1144,-37.29663180715662,71.9711919725746,7.015938911161733
1145,-37.33142889804875,72.0363834969814,7.021962130937708
1146,-37.366225988940876,72.10157502138821,7.027985350713683
1147,-37.40102307983301,72.16676654579501,7.034008570489658
1148,-37.43582017072514,72.23195807020181,7.040031790265633
1149,-37.47061726161727,72.29714959460863,7.046055010041608
1150,-37.5054143525094,72.36234111901543,7.0520782298175835
1151,-37.540211443401525,72.42753264342224,7.058101449593559
1152,-37.57500853429366,72.49272416782904,7.064124669369534
1153,-37.609805625185786,72.55791569223584,7.070147889145509
1154,-37.64460271607792,72.62310721664265,7.076171108921484
1155,-37.679399806970046,72.68829874104945,7.082194328697459
1156,-37.71419689786217,72.75349026545626,7.088217548473434
1157,-37.74899398875431,72.81868178986306,7.094240768249408
1158,-37.783791079646434,72.88387331426986,7.100263988025383
1159,-37.81858817053857,72.94906483867668,7.106287207801358
1160,-37.853385261430695,73.01425636308348,7.1123104275773334
1161,-37.88818235232282,73.07944788749029,7.1183336473533085
1162,-37.922979443214956,73.14463941189709,7.124356867129284
1163,-37.95777653410708,73.20983093630389,7.130380086905259
1164,-37.99257362499922,73.2750224607107,7.136403306681234
1165,-38.027370715891344,73.3402139851175,7.142426526457209
1166,-38.06216780678347,73.40540550952431,7.148449746233184
1167,-38.096964897675605,73.47059703393111,7.154472966009159
1168,-38.13176198856773,73.53578855833791,7.160496185785134
1169,-38.16655907945986,73.60098008274473,7.166519405561109
1170,-38.20135617035199,73.66617160715153,7.172542625337084
1171,-38.23615326124412,73.73136313155834,7.178565845113059
1172,-38.27095035213625,73.79655465596514,7.1845890648890345
1173,-38.30574744302838,73.86174618037194,7.19061228466501
1174,-38.34054453392051,73.92693770477875,7.196635504440985
1175,-38.37534162481264,73.99212922918555,7.202658724216959
1176,-38.41013871570477,74.05732075359236,7.208681943992934
1177,-38.4449358065969,74.12251227799916,7.214705163768909
1178,-38.47973289748903,74.18770380240596,7.220728383544884
1179,-38.514529988381156,74.25289532681278,7.226751603320859
1180,-38.54932707927329,74.31808685121958,7.232774823096834
1181,-38.58412417016542,74.38327837562639,7.238798042872809
1182,-38.61892126105755,74.44846990003319,7.2448212626487845
1183,-38.65371835194968,74.51366142443999,7.2508444824247595
1184,-38.688515442841805,74.5788529488468,7.256867702200735
1185,-38.72331253373394,74.6440444732536,7.26289092197671
1186,-38.758109624626066,74.70923599766041,7.268914141752685
1187,-38.7929067155182,74.77442752206721,7.27493736152866
1188,-38.82770380641033,74.83961904647401,7.280960581304635
1189,-38.86250089730245,74.90481057088083,7.28698380108061
1190,-38.89729798819459,74.97000209528763,7.293007020856585
1191,-38.932095079086714,75.03519361969444,7.29903024063256
1192,-38.96689216997885,75.10038514410124,7.305053460408534
1193,-39.001689260870975,75.16557666850804,7.3110766801845095
1194,-39.0364863517631,75.23076819291485,7.317099899960485
1195,-39.071283442655236,75.29595971732165,7.32312311973646
1196,-39.10608053354736,75.36115124172846,7.329146339512435
1197,-39.1408776244395,75.42634276613526,7.33516955928841
1198,-39.175674715331624,75.49153429054206,7.341192779064385
1199,-39.21047180622375,75.55672581494888,7.34721599884036
1200,-39.245268897115885,75.62191733935568,7.353239218616335
1201,-39.28006598800801,75.68710886376249,7.35926243839231
1202,-39.314863078900146,75.75230038816929,7.365285658168285
1203,-39.34966016979227,75.81749191257609,7.37130887794426
1204,-39.3844572606844,75.8826834369829,7.3773320977202355
1205,-39.419254351576534,75.9478749613897,7.3833553174962105
1206,-39.45405144246866,76.01306648579651,7.389378537272186
1207,-39.488848533360795,76.07825801020331,7.395401757048161
1208,-39.52364562425292,76.14344953461011,7.401424976824136
1209,-39.55844271514505,76.20864105901693,7.407448196600111
1210,-39.59323980603718,76.27383258342373,7.413471416376085
1211,-39.62803689692931,76.33902410783054,7.41949463615206
1212,-39.66283398782144,76.40421563223734,7.425517855928035
1213,-39.69763107871357,76.46940715664414,7.43154107570401
1214,-39.7324281696057,76.53459868105095,7.437564295479985
1215,-39.76722526049783,76.59979020545775,7.4435875152559605
1216,-39.80202235138996,76.66498172986455,7.449610735031936
1217,-39.83681944228209,76.73017325427136,7.455633954807911
1218,-39.87161653317422,76.79536477867816,7.461657174583886
1219,-39.906413624066346,76.86055630308498,7.467680394359861
1220,-39.94121071495848,76.92574782749178,7.473703614135836
1221,-39.97600780585061,76.99093935189858,7.479726833911811
1222,-40.01080489674274,77.05613087630539,7.485750053687786
1223,-40.04560198763487,77.12132240071219,7.491773273463761
1224,-40.080399078526995,77.186513925119,7.497796493239736
1225,-40.11519616941913,77.2517054495258,7.503819713015711
1226,-40.149993260311255,77.3168969739326,7.5098429327916865
1227,-40.18479035120338,77.38208849833941,7.5158661525676616
1228,-40.219587442095516,77.44728002274621,7.521889372343636
1229,-40.25438453298764,77.51247154715303,7.527912592119611
1230,-40.28918162387978,77.57766307155983,7.533935811895586
1231,-40.323978714771904,77.64285459596663,7.539959031671561
1232,-40.35877580566403,77.70804612037344,7.545982251447536
1233,-40.393572896556165,77.77323764478024,7.552005471223511
1234,-40.42836998744829,77.83842916918705,7.558028690999486
1235,-40.463167078340426,77.90362069359385,7.564051910775461
1236,-40.49796416923255,77.96881221800065,7.570075130551436
1237,-40.53276126012468,78.03400374240746,7.5760983503274115
1238,-40.567558351016814,78.09919526681426,7.582121570103387
1239,-40.60235544190894,78.16438679122108,7.588144789879362
1240,-40.637152532801075,78.22957831562788,7.594168009655337
1241,-40.6719496236932,78.29476984003468,7.600191229431312
1242,-40.70674671458533,78.35996136444149,7.606214449207287
1243,-40.74154380547746,78.42515288884829,7.612237668983262
1244,-40.77634089636959,78.4903444132551,7.618260888759237
1245,-40.81113798726172,78.5555359376619,7.624284108535211
1246,-40.84593507815385,78.6207274620687,7.630307328311186
1247,-40.88073216904598,78.68591898647551,7.6363305480871615
1248,-40.91552925993811,78.75111051088231,7.642353767863137
1249,-40.95032635083024,78.81630203528913,7.648376987639112
1250,-40.98512344172237,78.88149355969593,7.654400207415087
1251,-41.0199205326145,78.94668508410273,7.660423427191062
1252,-41.054717623506626,79.01187660850954,7.666446646967037
1253,-41.08951471439876,79.07706813291634,7.672469866743012
1254,-41.12431180529089,79.14225965732315,7.678493086518987
1255,-41.15910889618302,79.20745118172995,7.684516306294962
1256,-41.19390598707515,79.27264270613675,7.690539526070937
1257,-41.228703077967275,79.33783423054356,7.696562745846912
1258,-41.26350016885941,79.40302575495036,7.702585965622887
1259,-41.298297259751536,79.46821727935718,7.7086091853988625
1260,-41.33309435064367,79.53340880376398,7.714632405174838
1261,-41.3678914415358,79.59860032817078,7.720655624950813
1262,-41.40268853242792,79.66379185257759,7.726678844726788
1263,-41.43748562332006,79.72898337698439,7.732702064502762
1264,-41.472282714212184,79.7941749013912,7.738725284278737
1265,-41.50707980510432,79.859366425798,7.744748504054712
1266,-41.541876895996445,79.9245579502048,7.750771723830687
1267,-41.57667398688857,79.98974947461161,7.756794943606662
1268,-41.611471077780706,80.05494099901841,7.762818163382637
1269,-41.64626816867283,80.12013252342523,7.7688413831586125
1270,-41.68106525956497,80.18532404783203,7.774864602934588
1271,-41.715862350457094,80.25051557223883,7.780887822710563
1272,-41.75065944134922,80.31570709664564,7.786911042486538
1273,-41.785456532241355,80.38089862105244,7.792934262262513
1274,-41.82025362313348,80.44609014545925,7.798957482038488
1275,-41.855050714025616,80.51128166986605,7.804980701814463
1276,-41.88984780491774,80.57647319427285,7.811003921590438
1277,-41.92464489580987,80.64166471867966,7.817027141366413
1278,-41.959441986702004,80.70685624308646,7.823050361142388
1279,-41.99423907759413,80.77204776749328,7.829073580918363
1280,-42.029036168486265,80.83723929190008,7.8350968006943384
1281,-42.06383325937839,80.90243081630688,7.841120020470313
1282,-42.09863035027052,80.96762234071369,7.847143240246288
1283,-42.13342744116265,81.03281386512049,7.853166460022263
1284,-42.16822453205478,81.0980053895273,7.859189679798238
1285,-42.203021622946906,81.1631969139341,7.865212899574213
1286,-42.23781871383904,81.2283884383409,7.871236119350188
1287,-42.27261580473117,81.29357996274771,7.877259339126163
1288,-42.3074128956233,81.35877148715451,7.883282558902138
1289,-42.34220998651543,81.42396301156133,7.889305778678113
1290,-42.377007077407555,81.48915453596813,7.895328998454088
1291,-42.41180416829969,81.55434606037493,7.9013522182300635
1292,-42.446601259191816,81.61953758478174,7.907375438006039
1293,-42.48139835008395,81.68472910918854,7.913398657782014
1294,-42.51619544097608,81.74992063359535,7.919421877557989
1295,-42.550992531868204,81.81511215800215,7.925445097333964
1296,-42.58578962276034,81.88030368240895,7.931468317109939
1297,-42.620586713652465,81.94549520681576,7.937491536885914
1298,-42.6553838045446,82.01068673122256,7.943514756661888
1299,-42.690180895436725,82.07587825562938,7.949537976437863
1300,-42.72497798632885,82.14106978003618,7.955561196213838
1301,-42.759775077220986,82.20626130444298,7.9615844159898135
1302,-42.79457216811311,82.27145282884979,7.967607635765789
1303,-42.82936925900525,82.33664435325659,7.973630855541764
1304,-42.864166349897374,82.4018358776634,7.979654075317739
1305,-42.8989634407895,82.4670274020702,7.985677295093714
1306,-42.933760531681635,82.532218926477,7.991700514869689
1307,-42.96855762257376,82.59741045088381,7.997723734645664
1308,-43.003354713465896,82.66260197529061,8.00374695442164
1309,-43.03815180435802,82.72779349969743,8.009770174197614
1310,-43.07294889525015,82.79298502410423,8.015793393973588
1311,-43.107745986142284,82.85817654851103,8.021816613749564
1312,-43.14254307703441,82.92336807291784,8.02783983352554
1313,-43.177340167926545,82.98855959732464,8.033863053301515
1314,-43.21213725881867,83.05375112173145,8.039886273077489
1315,-43.2469343497108,83.11894264613825,8.045909492853465
1316,-43.28173144060293,83.18413417054505,8.051932712629439
1317,-43.31652853149506,83.24932569495186,8.057955932405413
1318,-43.35132562238719,83.31451721935866,8.063979152181389
1319,-43.38612271327932,83.37970874376548,8.070002371957365
1320,-43.42091980417145,83.44490026817228,8.07602559173334
1321,-43.45571689506358,83.51009179257908,8.082048811509313
1322,-43.49051398595571,83.57528331698589,8.08807203128529
1323,-43.52531107684784,83.64047484139269,8.094095251061265
1324,-43.56010816773997,83.7056663657995,8.10011847083724
1325,-43.594905258632096,83.7708578902063,8.106141690613214
1326,-43.62970234952423,83.8360494146131,8.11216491038919
1327,-43.66449944041636,83.90124093901991,8.118188130165166
1328,-43.69929653130849,83.96643246342671,8.12421134994114
1329,-43.73409362220062,84.03162398783353,8.130234569717114
1330,-43.768890713092745,84.09681551224033,8.13625778949309
1331,-43.80368780398488,84.16200703664713,8.142281009269066
1332,-43.838484894877006,84.22719856105394,8.148304229045038
1333,-43.87328198576914,84.29239008546074,8.154327448821014
1334,-43.90807907666127,84.35758160986755,8.16035066859699
1335,-43.94287616755339,84.42277313427435,8.166373888372966
1336,-43.97767325844553,84.48796465868115,8.172397108148939
1337,-44.012470349337654,84.55315618308796,8.178420327924915
1338,-44.04726744022978,84.61834770749476,8.18444354770089
1339,-44.082064531121915,84.68353923190158,8.190466767476867
1340,-44.11686162201404,84.74873075630838,8.19648998725284
1341,-44.151658712906176,84.81392228071518,8.202513207028815
1342,-44.1864558037983,84.87911380512199,8.208536426804791
1343,-44.22125289469043,84.94430532952879,8.214559646580764
1344,-44.256049985582564,85.0094968539356,8.22058286635674
1345,-44.29084707647469,85.0746883783424,8.226606086132715
1346,-44.325644167366825,85.1398799027492,8.232629305908691
1347,-44.36044125825895,85.20507142715601,8.238652525684664
1348,-44.39523834915108,85.27026295156281,8.24467574546064
1349,-44.43003544004321,85.33545447596961,8.250698965236616
1350,-44.46483253093534,85.40064600037643,8.256722185012592
1351,-44.499629621827474,85.46583752478323,8.262745404788564
1352,-44.5344267127196,85.53102904919004,8.26876862456454
1353,-44.56922380361173,85.59622057359684,8.274791844340516
1354,-44.60402089450386,85.66141209800364,8.280815064116492
1355,-44.63881798539599,85.72660362241045,8.286838283892465
1356,-44.67361507628812,85.79179514681725,8.29286150366844
1357,-44.70841216718025,85.85698667122406,8.298884723444417
1358,-44.743209258072376,85.92217819563086,8.304907943220392
1359,-44.77800634896451,85.98736972003766,8.310931162996365
1360,-44.81280343985664,86.05256124444448,8.316954382772341
1361,-44.84760053074877,86.11775276885128,8.322977602548317
1362,-44.8823976216409,86.18294429325809,8.32900082232429
1363,-44.917194712533025,86.24813581766489,8.335024042100265
1364,-44.95199180342516,86.31332734207169,8.341047261876241
1365,-44.986788894317286,86.3785188664785,8.347070481652217
1366,-45.02158598520942,86.4437103908853,8.35309370142819
1367,-45.05638307610155,86.50890191529211,8.359116921204166
1368,-45.091180166993674,86.57409343969891,8.365140140980142
1369,-45.12597725788581,86.63928496410571,8.371163360756118
1370,-45.160774348777935,86.70447648851253,8.37718658053209
1371,-45.19557143967007,86.76966801291933,8.383209800308066
1372,-45.230368530562195,86.83485953732614,8.389233020084042
1373,-45.26516562145432,86.90005106173294,8.395256239860018
1374,-45.299962712346456,86.96524258613974,8.40127945963599
1375,-45.33475980323858,87.03043411054655,8.407302679411966
1376,-45.36955689413072,87.09562563495335,8.413325899187942
1377,-45.404353985022844,87.16081715936016,8.419349118963918
1378,-45.43915107591497,87.22600868376696,8.42537233873989
1379,-45.473948166807105,87.29120020817376,8.431395558515867
1380,-45.50874525769923,87.35639173258058,8.437418778291843
1381,-45.543542348591366,87.42158325698738,8.443441998067815
1382,-45.57833943948349,87.48677478139419,8.449465217843791
1383,-45.61313653037562,87.55196630580099,8.455488437619767
1384,-45.647933621267754,87.61715783020779,8.461511657395743
1385,-45.68273071215988,87.6823493546146,8.467534877171715
1386,-45.717527803052015,87.7475408790214,8.473558096947691
1387,-45.75232489394414,87.81273240342821,8.479581316723667
1388,-45.78712198483627,87.87792392783501,8.485604536499643
1389,-45.8219190757284,87.94311545224181,8.491627756275616
1390,-45.85671616662053,88.00830697664863,8.497650976051592
1391,-45.89151325751266,88.07349850105543,8.503674195827568
1392,-45.92631034840479,88.13869002546224,8.509697415603544
1393,-45.96110743929692,88.20388154986904,8.515720635379516
1394,-45.99590453018905,88.26907307427584,8.521743855155492
1395,-46.03070162108118,88.33426459868265,8.527767074931468
1396,-46.065498711973305,88.39945612308945,8.53379029470744
1397,-46.10029580286544,88.46464764749626,8.539813514483416
1398,-46.135092893757566,88.52983917190306,8.545836734259392
1399,-46.1698899846497,88.59503069630986,8.551859954035368
1400,-46.20468707554183,88.66022222071668,8.55788317381134
1401,-46.239484166433954,88.72541374512348,8.563906393587317
1402,-46.27428125732609,88.79060526953029,8.569929613363293
1403,-46.309078348218215,88.85579679393709,8.575952833139269
1404,-46.34387543911035,88.92098831834389,8.581976052915241
1405,-46.378672530002476,88.9861798427507,8.587999272691217
1406,-46.4134696208946,89.0513713671575,8.594022492467193
1407,-46.44826671178674,89.11656289156431,8.600045712243169
1408,-46.48306380267886,89.18175441597111,8.606068932019141
1409,-46.517860893571,89.24694594037791,8.612092151795117
1410,-46.552657984463124,89.31213746478473,8.618115371571093
1411,-46.58745507535525,89.37732898919153,8.62413859134707
1412,-46.622252166247385,89.44252051359834,8.630161811123042
1413,-46.65704925713951,89.50771203800514,8.636185030899018
1414,-46.691846348031646,89.57290356241194,8.642208250674994
1415,-46.72664343892377,89.63809508681875,8.648231470450966
1416,-46.7614405298159,89.70328661122555,8.654254690226942
1417,-46.796237620708034,89.76847813563236,8.660277910002918
1418,-46.83103471160016,89.83366966003916,8.666301129778894
1419,-46.865831802492295,89.89886118444596,8.672324349554867
1420,-46.90062889338442,89.96405270885278,8.678347569330843
1421,-46.93542598427655,90.02924423325958,8.684370789106818
1422,-46.97022307516868,90.09443575766639,8.690394008882794
1423,-47.00502016606081,90.15962728207319,8.696417228658767
1424,-47.039817256952944,90.22481880647999,8.702440448434743
1425,-47.07461434784507,90.2900103308868,8.708463668210719
1426,-47.1094114387372,90.3552018552936,8.714486887986695
1427,-47.14420852962933,90.42039337970041,8.720510107762667
1428,-47.17900562052146,90.48558490410721,8.726533327538643
1429,-47.21380271141359,90.55077642851401,8.73255654731462
1430,-47.24859980230572,90.61596795292083,8.738579767090595
1431,-47.283396893197846,90.68115947732763,8.744602986866568
1432,-47.31819398408998,90.74635100173444,8.750626206642544
1433,-47.35299107498211,90.81154252614124,8.75664942641852
1434,-47.38778816587424,90.87673405054804,8.762672646194492
1435,-47.42258525676637,90.94192557495485,8.768695865970468
1436,-47.457382347658495,91.00711709936165,8.774719085746444
1437,-47.49217943855063,91.07230862376846,8.78074230552242
1438,-47.526976529442756,91.13750014817526,8.786765525298392
1439,-47.56177362033489,91.20269167258206,8.792788745074368
1440,-47.59657071122702,91.26788319698888,8.798811964850344
1441,-47.631367802119144,91.33307472139568,8.80483518462632
1442,-47.66616489301128,91.39826624580249,8.810858404402293
1443,-47.700961983903404,91.46345777020929,8.816881624178269
1444,-47.73575907479554,91.52864929461609,8.822904843954245
1445,-47.770556165687665,91.5938408190229,8.82892806373022
1446,-47.80535325657979,91.6590323434297,8.834951283506193
1447,-47.840150347471926,91.72422386783651,8.840974503282169
1448,-47.87494743836405,91.78941539224331,8.846997723058145
1449,-47.90974452925619,91.85460691665011,8.853020942834117
1450,-47.944541620148314,91.91979844105693,8.859044162610093
1451,-47.97933871104044,91.98498996546373,8.86506738238607
1452,-48.014135801932575,92.05018148987054,8.871090602162045
1453,-48.0489328928247,92.11537301427734,8.877113821938018
1454,-48.08372998371683,92.18056453868414,8.883137041713994
1455,-48.11852707460896,92.24575606309095,8.88916026148997
1456,-48.15332416550109,92.31094758749775,8.895183481265946
1457,-48.188121256393224,92.37613911190456,8.901206701041918
1458,-48.22291834728535,92.44133063631136,8.907229920817894
1459,-48.25771543817748,92.50652216071816,8.91325314059387
1460,-48.29251252906961,92.57171368512498,8.919276360369846
1461,-48.32730961996174,92.63690520953178,8.925299580145818
1462,-48.36210671085387,92.70209673393859,8.931322799921794
1463,-48.396903801746,92.76728825834539,8.93734601969777
1464,-48.431700892638126,92.83247978275219,8.943369239473746
1465,-48.46649798353026,92.897671307159,8.949392459249719
1466,-48.50129507442239,92.9628628315658,8.955415679025695
1467,-48.53609216531452,93.02805435597261,8.96143889880167
1468,-48.57088925620665,93.09324588037941,8.967462118577643
1469,-48.605686347098775,93.15843740478621,8.973485338353619
1470,-48.64048343799091,93.22362892919303,8.979508558129595
1471,-48.675280528883036,93.28882045359983,8.985531777905571
1472,-48.71007761977517,93.35401197800662,8.991554997681543
1473,-48.7448747106673,93.41920350241344,8.99757821745752
1474,-48.779671801559424,93.48439502682024,9.003601437233495
1475,-48.81446889245156,93.54958655122705,9.009624657009471
1476,-48.849265983343685,93.61477807563385,9.015647876785444
1477,-48.88406307423582,93.67996960004065,9.02167109656142
1478,-48.918860165127946,93.74516112444746,9.027694316337396
1479,-48.95365725602007,93.81035264885426,9.033717536113372
1480,-48.98845434691221,93.87554417326108,9.039740755889344
1481,-49.02325143780433,93.94073569766788,9.04576397566532
1482,-49.05804852869647,94.00592722207467,9.051787195441296
1483,-49.092845619588594,94.07111874648149,9.057810415217272
1484,-49.12764271048072,94.13631027088829,9.063833634993244
1485,-49.162439801372855,94.2015017952951,9.06985685476922
1486,-49.19723689226498,94.2666933197019,9.075880074545196
1487,-49.232033983157116,94.3318848441087,9.081903294321169
1488,-49.26683107404924,94.39707636851551,9.087926514097145
1489,-49.30162816494137,94.46226789292231,9.09394973387312
1490,-49.336425255833504,94.52745941732913,9.099972953649097
1491,-49.37122234672563,94.59265094173593,9.10599617342507
1492,-49.406019437617765,94.65784246614272,9.112019393201045
1493,-49.44081652850989,94.72303399054954,9.118042612977021
1494,-49.47561361940202,94.78822551495634,9.124065832752997
1495,-49.51041071029415,94.85341703936315,9.13008905252897
1496,-49.54520780118628,94.91860856376995,9.136112272304945
1497,-49.58000489207841,94.98380008817675,9.142135492080921
1498,-49.61480198297054,95.04899161258356,9.148158711856897
1499,-49.64959907386267,95.11418313699036,9.15418193163287
1500,-49.6843961647548,95.17937466139718,9.160205151408846
1501,-49.71919325564693,95.24456618580398,9.166228371184822
1502,-49.75399034653906,95.30975771021077,9.172251590960794
1503,-49.78878743743119,95.37494923461759,9.17827481073677
1504,-49.823584528323316,95.44014075902439,9.184298030512746
1505,-49.85838161921545,95.5053322834312,9.190321250288722
1506,-49.89317871010758,95.570523807838,9.196344470064695
1507,-49.92797580099971,95.6357153322448,9.20236768984067
1508,-49.96277289189184,95.70090685665161,9.208390909616647
1509,-49.997569982783965,95.76609838105841,9.214414129392622
1510,-50.0323670736761,95.83128990546523,9.220437349168595
1511,-50.067164164568226,95.89648142987203,9.226460568944571
1512,-50.10196125546035,95.96167295427882,9.232483788720547
1513,-50.13675834635249,96.02686447868564,9.238507008496523
1514,-50.17155543724461,96.09205600309244,9.244530228272495
1515,-50.20635252813675,96.15724752749925,9.250553448048471
1516,-50.241149619028874,96.22243905190605,9.256576667824447
1517,-50.275946709921,96.28763057631285,9.262599887600423
1518,-50.310743800813135,96.35282210071966,9.268623107376396
1519,-50.34554089170526,96.41801362512646,9.274646327152372
1520,-50.380337982597396,96.48320514953328,9.280669546928348
1521,-50.41513507348952,96.54839667394008,9.28669276670432
1522,-50.44993216438165,96.61358819834687,9.292715986480296
1523,-50.484729255273784,96.67877972275369,9.298739206256272
1524,-50.51952634616591,96.74397124716049,9.304762426032248
1525,-50.554323437058045,96.8091627715673,9.31078564580822
1526,-50.58912052795017,96.8743542959741,9.316808865584196
1527,-50.6239176188423,96.9395458203809,9.322832085360172
1528,-50.65871470973443,97.00473734478771,9.328855305136148
1529,-50.69351180062656,97.06992886919451,9.33487852491212
1530,-50.728308891518694,97.13512039360133,9.340901744688097
1531,-50.76310598241082,97.20031191800813,9.346924964464073
1532,-50.79790307330295,97.26550344241492,9.352948184240049
1533,-50.83270016419508,97.33069496682174,9.358971404016021
1534,-50.86749725508721,97.39588649122854,9.364994623791997
1535,-50.90229434597934,97.46107801563535,9.371017843567973
1536,-50.93709143687147,97.52626954004215,9.377041063343945
1537,-50.971888527763596,97.59146106444895,9.383064283119921
1538,-51.00668561865573,97.65665258885576,9.389087502895897
1539,-51.04148270954786,97.72184411326256,9.395110722671873
1540,-51.07627980043999,97.78703563766938,9.401133942447846
1541,-51.11107689133212,97.85222716207618,9.407157162223822
1542,-51.145873982224245,97.91741868648297,9.413180381999798
1543,-51.18067107311638,97.98261021088979,9.419203601775774
1544,-51.215468164008506,98.04780173529659,9.425226821551746
1545,-51.25026525490064,98.1129932597034,9.431250041327722
1546,-51.28506234579277,98.1781847841102,9.437273261103698
1547,-51.319859436684894,98.243376308517,9.443296480879674
1548,-51.35465652757703,98.30856783292381,9.449319700655646
1549,-51.389453618469155,98.37375935733061,9.455342920431622
1550,-51.42425070936129,98.43895088173743,9.461366140207598
1551,-51.459047800253416,98.50414240614423,9.467389359983574
1552,-51.49384489114554,98.56933393055102,9.473412579759547
1553,-51.528641982037676,98.63452545495784,9.479435799535523
1554,-51.5634390729298,98.69971697936464,9.485459019311499
1555,-51.59823616382194,98.76490850377145,9.491482239087471
1556,-51.633033254714064,98.83010002817825,9.497505458863447
1557,-51.66783034560619,98.89529155258505,9.503528678639423
1558,-51.702627436498325,98.96048307699186,9.509551898415399
1559,-51.73742452739045,99.02567460139866,9.515575118191371
1560,-51.772221618282586,99.09086612580548,9.521598337967347
1561,-51.80701870917471,99.15605765021228,9.527621557743323
1562,-51.84181580006684,99.22124917461908,9.5336447775193
1563,-51.876612890958974,99.28644069902589,9.539667997295272
1564,-51.9114099818511,99.35163222343269,9.545691217071248
1565,-51.94620707274323,99.4168237478395,9.551714436847224
1566,-51.98100416363536,99.4820152722463,9.5577376566232
1567,-52.01580125452749,99.5472067966531,9.563760876399172
1568,-52.05059834541962,99.61239832105991,9.569784096175148
1569,-52.08539543631175,99.67758984546671,9.575807315951124
1570,-52.120192527203876,99.74278136987353,9.5818305357271
1571,-52.15498961809601,99.80797289428033,9.587853755503073
1572,-52.18978670898814,99.87316441868713,9.593876975279048
1573,-52.22458379988027,99.93835594309394,9.599900195055024
1574,-52.2593808907724,100.00354746750074,9.605923414830997
1575,-52.294177981664525,100.06873899190755,9.611946634606973
1576,-52.32897507255666,100.13393051631435,9.617969854382949
1577,-52.363772163448786,100.19912204072115,9.623993074158925
1578,-52.39856925434092,100.26431356512796,9.630016293934897
1579,-52.43336634523305,100.32950508953476,9.636039513710873
1580,-52.468163436125174,100.39469661394158,9.64206273348685
1581,-52.50296052701731,100.45988813834838,9.648085953262825
1582,-52.537757617909435,100.52507966275518,9.654109173038798
1583,-52.57255470880157,100.59027118716199,9.660132392814774
1584,-52.607351799693696,100.65546271156879,9.66615561259075
1585,-52.64214889058582,100.7206542359756,9.672178832366725
1586,-52.67694598147796,100.7858457603824,9.678202052142698
1587,-52.71174307237008,100.8510372847892,9.684225271918674
1588,-52.74654016326222,100.91622880919601,9.69024849169465
1589,-52.781337254154344,100.98142033360281,9.696271711470622
1590,-52.81613434504647,101.04661185800963,9.702294931246598
1591,-52.850931435938605,101.11180338241643,9.708318151022574
1592,-52.88572852683073,101.17699490682323,9.71434137079855
1593,-52.920525617722866,101.24218643123004,9.720364590574523
1594,-52.95532270861499,101.30737795563684,9.726387810350499
1595,-52.99011979950712,101.37256948004365,9.732411030126475
1596,-53.024916890399254,101.43776100445045,9.73843424990245
1597,-53.05971398129138,101.50295252885725,9.744457469678423
1598,-53.094511072183515,101.56814405326406,9.750480689454399
1599,-53.12930816307564,101.63333557767086,9.756503909230375
